Workbook

Sheet Faltantes Fevereiro- Metalfisa
B2: Data De Entrega dos Materiais | C2: 46057 | D2: 46059 | E2: 46066 | F2: 46073 | G2: 46081 | M2: ORDEM DE COMPRA | AU2: MESA 7560 | AV2: MESA 100100 | AW2: MESA 100100 H | AX2: TECLADO OPERAÇÃO ELET. NOVA | AY2: BODYSCAN HSV | AZ2: BODYSCAN DV | BA2: SPEC 5333 | BB2: SPEC 5536 | BC2: SPEC 6040 C | BD2: SPEC 6040 C TRIF | BE2: SPEC 6040 C ELET. NOVA | BF2: SPEC 6040 SV | BG2: SPEC 6040 P3D | BH2: SPEC 6040 DV | BI2: SPEC 7560 | BJ2: SPEC 100100 M | BK2: SPEC 100100 DV | BL2: SPEC 100100 HDV | BM2: FLATSCAN | BN2: SPEC 180180 SV 200KV | BO2: SPEC 180180 DV 320KV | BP2: SPEC CARGO | BQ2: PHANTOM COLORIZAÇÃO CARGO | BR2: PHANTOM 180180 200KV | BS2: RECYCLING INOX | BT2: RECYCLING INOX C | BU2: CARGO GANTRY | BV2: SPEC 6550 VMI | BW2: SPEC 6040 C 180KV | BX2: SPEC 6040 SV 180KV | BY2: SPEC 6040 DV 180KV | BZ2: SPEC 6040 P3D 180KV | CA2: PORTAL GARRETT | CB2: ARCO DE LEITURA | CC2: TECLADO ELET. NOVA | CD2: MESA 6040 DV INFRAERO | CE2: CABINE BS | CF2: BASE 5333 | CG2: MESA 5333 | CH2: MESA 5536/6040 | CI2: MESA 6040 C | CJ2: MESA 7560 | CK2: PEDESTAL 1 MONITOR | CL2: PEDESTAL 2 MONITORES
A3: CÓDIGO | B3: DESCRIÇÃO | C3: WK 01 | D3: WK 02 | E3: WK 03 | F3: WK 04 | G3: WK 05 | H3: FALTANTES FIRMES | I3: ENTRADAS | J3: ESTQ.S/OC | K3: FOLLOW-UP | L3: OC'S METALFISA | M3: 036137 | N3: 036605 | O3: 036620 | P3: 036622 | Q3: 037335 | R3: 037485 | S3: 037634 | T3: 038053 | U3: 046695 | V3: 046755 | W3: 047542 | X3: 047809 | Y3: 047973 | Z3: 048098 | AA3: 048653 | AB3: 048978 | AC3: 049117 | AD3: 049151 | AE3: 049278 | AF3: 049541 | AG3: 049636 | AH3: 049818 | AI3: 049826 | AJ3: 049835 | AK3: 052204 | AL3: 052728 | AM3: 052814 | AN3: 049826 | AO3: 049835 | AP3: 051062
A4: 13.01.00054 | B4: DMC 457 - FIXACAO LAMPADA 02 \ AA_0457_02 | C4: 0 | D4: 0 | E4: 0 | F4: 0 | G4: 6 | H4: =IFERROR(VLOOKUP(A4,[1]FALTANTES!$A:$AB,28,FALSE),"-") -> 0 | I4: =IFERROR(VLOOKUP(A4,[1]FALTANTES!$A:$AC,29,FALSE),"-") -> 0 | J4: =IFERROR(VLOOKUP(A4,[1]FALTANTES!$A:$AD,30,FALSE),"-") -> -6 | K4: 0 | L4: =SUM(M4:AS4) -> 6 | M4: =SUMIFS(METALFISA!$E:$E,METALFISA!$A:$A,'Faltantes Fevereiro- Metalfisa'!M$3,METALFISA!$B:$B,'Faltantes Fevereiro- Metalfisa'!$A4) -> 0 | N4: =SUMIFS(METALFISA!$E:$E,METALFISA!$A:$A,'Faltantes Fevereiro- Metalfisa'!N$3,METALFISA!$B:$B,'Faltantes Fevereiro- Metalfisa'!$A4) -> 0 | O4: =SUMIFS(METALFISA!$E:$E,METALFISA!$A:$A,'Faltantes Fevereiro- Metalfisa'!O$3,METALFISA!$B:$B,'Faltantes Fevereiro- Metalfisa'!$A4) -> 0 | P4: =SUMIFS(METALFISA!$E:$E,METALFISA!$A:$A,'Faltantes Fevereiro- Metalfisa'!P$3,METALFISA!$B:$B,'Faltantes Fevereiro- Metalfisa'!$A4) -> 0 | Q4: =SUMIFS(METALFISA!$E:$E,METALFISA!$A:$A,'Faltantes Fevereiro- Metalfisa'!Q$3,METALFISA!$B:$B,'Faltantes Fevereiro- Metalfisa'!$A4) -> 0 | R4: =SUMIFS(METALFISA!$E:$E,METALFISA!$A:$A,'Faltantes Fevereiro- Metalfisa'!R$3,METALFISA!$B:$B,'Faltantes Fevereiro- Metalfisa'!$A4) -> 0 | S4: =SUMIFS(METALFISA!$E:$E,METALFISA!$A:$A,'Faltantes Fevereiro- Metalfisa'!S$3,METALFISA!$B:$B,'Faltantes Fevereiro- Metalfisa'!$A4) -> 0 | T4: =SUMIFS(METALFISA!$E:$E,METALFISA!$A:$A,'Faltantes Fevereiro- Metalfisa'!T$3,METALFISA!$B:$B,'Faltantes Fevereiro- Metalfisa'!$A4) -> 0 | ... AP4: =SUMIFS(METALFISA!$E:$E,METALFISA!$A:$A,'Faltantes Fevereiro- Metalfisa'!AP$3,METALFISA!$B:$B,'Faltantes Fevereiro- Metalfisa'!$A4) -> 0 | AR4: =SUMIFS(METALFISA!$E:$E,METALFISA!$A:$A,'Faltantes Fevereiro- Metalfisa'!AR$3,METALFISA!$B:$B,'Faltantes Fevereiro- Metalfisa'!$A4) -> 0 | AS4: =SUMIFS(METALFISA!$E:$E,METALFISA!$A:$A,'Faltantes Fevereiro- Metalfisa'!AS$3,METALFISA!$B:$B,'Faltantes Fevereiro- Metalfisa'!$A4) -> 0 | AU4: 0 | AV4: 0 | AW4: 0 | AX4: 0 | AY4: 0 | AZ4: 0 | BA4: 0 | BB4: 0 | BC4: 0 | BD4: 0 | BE4: 0 | BF4: 0 | BG4: 0 | BH4: 0 | BI4: 0 | BJ4: 0 | BK4: 0 | BL4: 0 | BM4: 2 | BN4: 0 | BO4: 0 | BP4: 0 | BQ4: 0 | BR4: 0 | BS4: 0 | BT4: 0 | BU4: 0 | BV4: 0 | BW4: 0 | BX4: 0 | BY4: 0 | BZ4: 0 | CA4: 0 | CB4: 0 | CC4: 0 | CD4: 0 | CE4: 0 | CF4: 0 | CG4: 0 | CH4: 0 | CI4: 0 | CJ4: 0 | CK4: 0 | CL4: 0
A5: 13.03.00005 | B5: APOIO DO TECLADO / AA_0196_10 | C5: 0 | D5: 0 | E5: 0 | F5: 0 | G5: 2 | H5: =IFERROR(VLOOKUP(A5,[1]FALTANTES!$A:$AB,28,FALSE),"-") -> 0 | I5: =IFERROR(VLOOKUP(A5,[1]FALTANTES!$A:$AC,29,FALSE),"-") -> 0 | J5: =IFERROR(VLOOKUP(A5,[1]FALTANTES!$A:$AD,30,FALSE),"-") -> -2 | K5: 0 | L5: =SUM(M5:AS5) -> 2 | M5: =SUMIFS(METALFISA!$E:$E,METALFISA!$A:$A,'Faltantes Fevereiro- Metalfisa'!M$3,METALFISA!$B:$B,'Faltantes Fevereiro- Metalfisa'!$A5) -> 0 | N5: =SUMIFS(METALFISA!$E:$E,METALFISA!$A:$A,'Faltantes Fevereiro- Metalfisa'!N$3,METALFISA!$B:$B,'Faltantes Fevereiro- Metalfisa'!$A5) -> 0 | O5: =SUMIFS(METALFISA!$E:$E,METALFISA!$A:$A,'Faltantes Fevereiro- Metalfisa'!O$3,METALFISA!$B:$B,'Faltantes Fevereiro- Metalfisa'!$A5) -> 0 | P5: =SUMIFS(METALFISA!$E:$E,METALFISA!$A:$A,'Faltantes Fevereiro- Metalfisa'!P$3,METALFISA!$B:$B,'Faltantes Fevereiro- Metalfisa'!$A5) -> 0 | Q5: =SUMIFS(METALFISA!$E:$E,METALFISA!$A:$A,'Faltantes Fevereiro- Metalfisa'!Q$3,METALFISA!$B:$B,'Faltantes Fevereiro- Metalfisa'!$A5) -> 0 | R5: =SUMIFS(METALFISA!$E:$E,METALFISA!$A:$A,'Faltantes Fevereiro- Metalfisa'!R$3,METALFISA!$B:$B,'Faltantes Fevereiro- Metalfisa'!$A5) -> 0 | S5: =SUMIFS(METALFISA!$E:$E,METALFISA!$A:$A,'Faltantes Fevereiro- Metalfisa'!S$3,METALFISA!$B:$B,'Faltantes Fevereiro- Metalfisa'!$A5) -> 0 | T5: =SUMIFS(METALFISA!$E:$E,METALFISA!$A:$A,'Faltantes Fevereiro- Metalfisa'!T$3,METALFISA!$B:$B,'Faltantes Fevereiro- Metalfisa'!$A5) -> 0 | ... AP5: =SUMIFS(METALFISA!$E:$E,METALFISA!$A:$A,'Faltantes Fevereiro- Metalfisa'!AP$3,METALFISA!$B:$B,'Faltantes Fevereiro- Metalfisa'!$A5) -> 0 | AR5: =SUMIFS(METALFISA!$E:$E,METALFISA!$A:$A,'Faltantes Fevereiro- Metalfisa'!AR$3,METALFISA!$B:$B,'Faltantes Fevereiro- Metalfisa'!$A5) -> 0 | AS5: =SUMIFS(METALFISA!$E:$E,METALFISA!$A:$A,'Faltantes Fevereiro- Metalfisa'!AS$3,METALFISA!$B:$B,'Faltantes Fevereiro- Metalfisa'!$A5) -> 0 | AU5: 0 | AV5: 0 | AW5: 0 | AX5: 0 | AY5: 0 | AZ5: 0 | BA5: 0 | BB5: 0 | BC5: 0 | BD5: 0 | BE5: 0 | BF5: 0 | BG5: 0 | BH5: 0 | BI5: 0 | BJ5: 0 | BK5: 0 | BL5: 0 | BM5: 1 | BN5: 0 | BO5: 0 | BP5: 0 | BQ5: 0 | BR5: 0 | BS5: 0 | BT5: 0 | BU5: 0 | BV5: 0 | BW5: 0 | BX5: 0 | BY5: 0 | BZ5: 0 | CA5: 0 | CB5: 0 | CC5: 0 | CD5: 0 | CE5: 0 | CF5: 0 | CG5: 0 | CH5: 0 | CI5: 0 | CJ5: 0 | CK5: 0 | CL5: 0
A6: 13.03.00055 | B6: PERFIL SUPERIOR ESTRUTURA / AA_0373_05 | C6: 0 | D6: 0 | E6: 0 | F6: 0 | G6: 6 | H6: =IFERROR(VLOOKUP(A6,[1]FALTANTES!$A:$AB,28,FALSE),"-") -> 0 | I6: =IFERROR(VLOOKUP(A6,[1]FALTANTES!$A:$AC,29,FALSE),"-") -> 0 | J6: =IFERROR(VLOOKUP(A6,[1]FALTANTES!$A:$AD,30,FALSE),"-") -> -6 | K6: 0 | L6: =SUM(M6:AS6) -> 6 | M6: =SUMIFS(METALFISA!$E:$E,METALFISA!$A:$A,'Faltantes Fevereiro- Metalfisa'!M$3,METALFISA!$B:$B,'Faltantes Fevereiro- Metalfisa'!$A6) -> 0 | N6: =SUMIFS(METALFISA!$E:$E,METALFISA!$A:$A,'Faltantes Fevereiro- Metalfisa'!N$3,METALFISA!$B:$B,'Faltantes Fevereiro- Metalfisa'!$A6) -> 0 | O6: =SUMIFS(METALFISA!$E:$E,METALFISA!$A:$A,'Faltantes Fevereiro- Metalfisa'!O$3,METALFISA!$B:$B,'Faltantes Fevereiro- Metalfisa'!$A6) -> 0 | P6: =SUMIFS(METALFISA!$E:$E,METALFISA!$A:$A,'Faltantes Fevereiro- Metalfisa'!P$3,METALFISA!$B:$B,'Faltantes Fevereiro- Metalfisa'!$A6) -> 0 | Q6: =SUMIFS(METALFISA!$E:$E,METALFISA!$A:$A,'Faltantes Fevereiro- Metalfisa'!Q$3,METALFISA!$B:$B,'Faltantes Fevereiro- Metalfisa'!$A6) -> 0 | R6: =SUMIFS(METALFISA!$E:$E,METALFISA!$A:$A,'Faltantes Fevereiro- Metalfisa'!R$3,METALFISA!$B:$B,'Faltantes Fevereiro- Metalfisa'!$A6) -> 0 | S6: =SUMIFS(METALFISA!$E:$E,METALFISA!$A:$A,'Faltantes Fevereiro- Metalfisa'!S$3,METALFISA!$B:$B,'Faltantes Fevereiro- Metalfisa'!$A6) -> 0 | T6: =SUMIFS(METALFISA!$E:$E,METALFISA!$A:$A,'Faltantes Fevereiro- Metalfisa'!T$3,METALFISA!$B:$B,'Faltantes Fevereiro- Metalfisa'!$A6) -> 0 | ... AP6: =SUMIFS(METALFISA!$E:$E,METALFISA!$A:$A,'Faltantes Fevereiro- Metalfisa'!AP$3,METALFISA!$B:$B,'Faltantes Fevereiro- Metalfisa'!$A6) -> 0 | AR6: =SUMIFS(METALFISA!$E:$E,METALFISA!$A:$A,'Faltantes Fevereiro- Metalfisa'!AR$3,METALFISA!$B:$B,'Faltantes Fevereiro- Metalfisa'!$A6) -> 0 | AS6: =SUMIFS(METALFISA!$E:$E,METALFISA!$A:$A,'Faltantes Fevereiro- Metalfisa'!AS$3,METALFISA!$B:$B,'Faltantes Fevereiro- Metalfisa'!$A6) -> 0 | AU6: 0 | AV6: 0 | AW6: 0 | AX6: 0 | AY6: 0 | AZ6: 0 | BA6: 0 | BB6: 0 | BC6: 0 | BD6: 0 | BE6: 0 | BF6: 0 | BG6: 0 | BH6: 0 | BI6: 0 | BJ6: 0 | BK6: 0 | BL6: 0 | BM6: 2 | BN6: 0 | BO6: 0 | BP6: 0 | BQ6: 0 | BR6: 0 | BS6: 0 | BT6: 0 | BU6: 0 | BV6: 0 | BW6: 0 | BX6: 0 | BY6: 0 | BZ6: 0 | CA6: 0 | CB6: 0 | CC6: 0 | CD6: 0 | CE6: 0 | CF6: 0 | CG6: 0 | CH6: 0 | CI6: 0 | CJ6: 0 | CK6: 0 | CL6: 0
A7: 13.03.00056 | B7: PERFIL SUPERIOR COM AFASTADOR / AA_0374_07 | C7: 0 | D7: 0 | E7: 0 | F7: 0 | G7: 6 | H7: =IFERROR(VLOOKUP(A7,[1]FALTANTES!$A:$AB,28,FALSE),"-") -> 0 | I7: =IFERROR(VLOOKUP(A7,[1]FALTANTES!$A:$AC,29,FALSE),"-") -> 0 | J7: =IFERROR(VLOOKUP(A7,[1]FALTANTES!$A:$AD,30,FALSE),"-") -> -6 | K7: 0 | L7: =SUM(M7:AS7) -> 6 | M7: =SUMIFS(METALFISA!$E:$E,METALFISA!$A:$A,'Faltantes Fevereiro- Metalfisa'!M$3,METALFISA!$B:$B,'Faltantes Fevereiro- Metalfisa'!$A7) -> 0 | N7: =SUMIFS(METALFISA!$E:$E,METALFISA!$A:$A,'Faltantes Fevereiro- Metalfisa'!N$3,METALFISA!$B:$B,'Faltantes Fevereiro- Metalfisa'!$A7) -> 0 | O7: =SUMIFS(METALFISA!$E:$E,METALFISA!$A:$A,'Faltantes Fevereiro- Metalfisa'!O$3,METALFISA!$B:$B,'Faltantes Fevereiro- Metalfisa'!$A7) -> 0 | P7: =SUMIFS(METALFISA!$E:$E,METALFISA!$A:$A,'Faltantes Fevereiro- Metalfisa'!P$3,METALFISA!$B:$B,'Faltantes Fevereiro- Metalfisa'!$A7) -> 0 | Q7: =SUMIFS(METALFISA!$E:$E,METALFISA!$A:$A,'Faltantes Fevereiro- Metalfisa'!Q$3,METALFISA!$B:$B,'Faltantes Fevereiro- Metalfisa'!$A7) -> 0 | R7: =SUMIFS(METALFISA!$E:$E,METALFISA!$A:$A,'Faltantes Fevereiro- Metalfisa'!R$3,METALFISA!$B:$B,'Faltantes Fevereiro- Metalfisa'!$A7) -> 0 | S7: =SUMIFS(METALFISA!$E:$E,METALFISA!$A:$A,'Faltantes Fevereiro- Metalfisa'!S$3,METALFISA!$B:$B,'Faltantes Fevereiro- Metalfisa'!$A7) -> 0 | T7: =SUMIFS(METALFISA!$E:$E,METALFISA!$A:$A,'Faltantes Fevereiro- Metalfisa'!T$3,METALFISA!$B:$B,'Faltantes Fevereiro- Metalfisa'!$A7) -> 0 | ... AP7: =SUMIFS(METALFISA!$E:$E,METALFISA!$A:$A,'Faltantes Fevereiro- Metalfisa'!AP$3,METALFISA!$B:$B,'Faltantes Fevereiro- Metalfisa'!$A7) -> 0 | AR7: =SUMIFS(METALFISA!$E:$E,METALFISA!$A:$A,'Faltantes Fevereiro- Metalfisa'!AR$3,METALFISA!$B:$B,'Faltantes Fevereiro- Metalfisa'!$A7) -> 0 | AS7: =SUMIFS(METALFISA!$E:$E,METALFISA!$A:$A,'Faltantes Fevereiro- Metalfisa'!AS$3,METALFISA!$B:$B,'Faltantes Fevereiro- Metalfisa'!$A7) -> 0 | AU7: 0 | AV7: 0 | AW7: 0 | AX7: 0 | AY7: 0 | AZ7: 0 | BA7: 0 | BB7: 0 | BC7: 0 | BD7: 0 | BE7: 0 | BF7: 0 | BG7: 0 | BH7: 0 | BI7: 0 | BJ7: 0 | BK7: 0 | BL7: 0 | BM7: 2 | BN7: 0 | BO7: 0 | BP7: 0 | BQ7: 0 | BR7: 0 | BS7: 0 | BT7: 0 | BU7: 0 | BV7: 0 | BW7: 0 | BX7: 0 | BY7: 0 | BZ7: 0 | CA7: 0 | CB7: 0 | CC7: 0 | CD7: 0 | CE7: 0 | CF7: 0 | CG7: 0 | CH7: 0 | CI7: 0 | CJ7: 0 | CK7: 0 | CL7: 0
A8: 13.03.00057 | B8: DMC-376 - METALON SUPERIOR \ AA_0376_05 | C8: 0 | D8: 0 | E8: 0 | F8: 0 | G8: 4 | H8: =IFERROR(VLOOKUP(A8,[1]FALTANTES!$A:$AB,28,FALSE),"-") -> 0 | I8: =IFERROR(VLOOKUP(A8,[1]FALTANTES!$A:$AC,29,FALSE),"-") -> 2 | J8: =IFERROR(VLOOKUP(A8,[1]FALTANTES!$A:$AD,30,FALSE),"-") -> -2 | K8: 0 | L8: =SUM(M8:AS8) -> 2 | M8: =SUMIFS(METALFISA!$E:$E,METALFISA!$A:$A,'Faltantes Fevereiro- Metalfisa'!M$3,METALFISA!$B:$B,'Faltantes Fevereiro- Metalfisa'!$A8) -> 0 | N8: =SUMIFS(METALFISA!$E:$E,METALFISA!$A:$A,'Faltantes Fevereiro- Metalfisa'!N$3,METALFISA!$B:$B,'Faltantes Fevereiro- Metalfisa'!$A8) -> 0 | O8: =SUMIFS(METALFISA!$E:$E,METALFISA!$A:$A,'Faltantes Fevereiro- Metalfisa'!O$3,METALFISA!$B:$B,'Faltantes Fevereiro- Metalfisa'!$A8) -> 0 | P8: =SUMIFS(METALFISA!$E:$E,METALFISA!$A:$A,'Faltantes Fevereiro- Metalfisa'!P$3,METALFISA!$B:$B,'Faltantes Fevereiro- Metalfisa'!$A8) -> 0 | Q8: =SUMIFS(METALFISA!$E:$E,METALFISA!$A:$A,'Faltantes Fevereiro- Metalfisa'!Q$3,METALFISA!$B:$B,'Faltantes Fevereiro- Metalfisa'!$A8) -> 0 | R8: =SUMIFS(METALFISA!$E:$E,METALFISA!$A:$A,'Faltantes Fevereiro- Metalfisa'!R$3,METALFISA!$B:$B,'Faltantes Fevereiro- Metalfisa'!$A8) -> 0 | S8: =SUMIFS(METALFISA!$E:$E,METALFISA!$A:$A,'Faltantes Fevereiro- Metalfisa'!S$3,METALFISA!$B:$B,'Faltantes Fevereiro- Metalfisa'!$A8) -> 0 | T8: =SUMIFS(METALFISA!$E:$E,METALFISA!$A:$A,'Faltantes Fevereiro- Metalfisa'!T$3,METALFISA!$B:$B,'Faltantes Fevereiro- Metalfisa'!$A8) -> 0 | ... AP8: =SUMIFS(METALFISA!$E:$E,METALFISA!$A:$A,'Faltantes Fevereiro- Metalfisa'!AP$3,METALFISA!$B:$B,'Faltantes Fevereiro- Metalfisa'!$A8) -> 0 | AR8: =SUMIFS(METALFISA!$E:$E,METALFISA!$A:$A,'Faltantes Fevereiro- Metalfisa'!AR$3,METALFISA!$B:$B,'Faltantes Fevereiro- Metalfisa'!$A8) -> 0 | AS8: =SUMIFS(METALFISA!$E:$E,METALFISA!$A:$A,'Faltantes Fevereiro- Metalfisa'!AS$3,METALFISA!$B:$B,'Faltantes Fevereiro- Metalfisa'!$A8) -> 0 | AU8: 0 | AV8: 0 | AW8: 0 | AX8: 0 | AY8: 0 | AZ8: 0 | BA8: 0 | BB8: 0 | BC8: 0 | BD8: 0 | BE8: 0 | BF8: 0 | BG8: 0 | BH8: 0 | BI8: 0 | BJ8: 0 | BK8: 0 | BL8: 0 | BM8: 2 | BN8: 0 | BO8: 0 | BP8: 0 | BQ8: 0 | BR8: 0 | BS8: 0 | BT8: 0 | BU8: 0 | BV8: 0 | BW8: 0 | BX8: 0 | BY8: 0 | BZ8: 0 | CA8: 0 | CB8: 0 | CC8: 0 | CD8: 0 | CE8: 0 | CF8: 0 | CG8: 0 | CH8: 0 | CI8: 0 | CJ8: 0 | CK8: 0 | CL8: 0
A9: 13.03.00059 | B9: DMC-384 - REGULADOR TAMPAS EXTERNAS \ AA_0384_01 | C9: 0 | D9: 0 | E9: 0 | F9: 0 | G9: 8 | H9: =IFERROR(VLOOKUP(A9,[1]FALTANTES!$A:$AB,28,FALSE),"-") -> 0 | I9: =IFERROR(VLOOKUP(A9,[1]FALTANTES!$A:$AC,29,FALSE),"-") -> 0 | J9: =IFERROR(VLOOKUP(A9,[1]FALTANTES!$A:$AD,30,FALSE),"-") -> -8 | K9: 0 | L9: =SUM(M9:AS9) -> 8 | M9: =SUMIFS(METALFISA!$E:$E,METALFISA!$A:$A,'Faltantes Fevereiro- Metalfisa'!M$3,METALFISA!$B:$B,'Faltantes Fevereiro- Metalfisa'!$A9) -> 0 | N9: =SUMIFS(METALFISA!$E:$E,METALFISA!$A:$A,'Faltantes Fevereiro- Metalfisa'!N$3,METALFISA!$B:$B,'Faltantes Fevereiro- Metalfisa'!$A9) -> 0 | O9: =SUMIFS(METALFISA!$E:$E,METALFISA!$A:$A,'Faltantes Fevereiro- Metalfisa'!O$3,METALFISA!$B:$B,'Faltantes Fevereiro- Metalfisa'!$A9) -> 0 | P9: =SUMIFS(METALFISA!$E:$E,METALFISA!$A:$A,'Faltantes Fevereiro- Metalfisa'!P$3,METALFISA!$B:$B,'Faltantes Fevereiro- Metalfisa'!$A9) -> 0 | Q9: =SUMIFS(METALFISA!$E:$E,METALFISA!$A:$A,'Faltantes Fevereiro- Metalfisa'!Q$3,METALFISA!$B:$B,'Faltantes Fevereiro- Metalfisa'!$A9) -> 0 | R9: =SUMIFS(METALFISA!$E:$E,METALFISA!$A:$A,'Faltantes Fevereiro- Metalfisa'!R$3,METALFISA!$B:$B,'Faltantes Fevereiro- Metalfisa'!$A9) -> 0 | S9: =SUMIFS(METALFISA!$E:$E,METALFISA!$A:$A,'Faltantes Fevereiro- Metalfisa'!S$3,METALFISA!$B:$B,'Faltantes Fevereiro- Metalfisa'!$A9) -> 0 | T9: =SUMIFS(METALFISA!$E:$E,METALFISA!$A:$A,'Faltantes Fevereiro- Metalfisa'!T$3,METALFISA!$B:$B,'Faltantes Fevereiro- Metalfisa'!$A9) -> 0 | ... AP9: =SUMIFS(METALFISA!$E:$E,METALFISA!$A:$A,'Faltantes Fevereiro- Metalfisa'!AP$3,METALFISA!$B:$B,'Faltantes Fevereiro- Metalfisa'!$A9) -> 0 | AR9: =SUMIFS(METALFISA!$E:$E,METALFISA!$A:$A,'Faltantes Fevereiro- Metalfisa'!AR$3,METALFISA!$B:$B,'Faltantes Fevereiro- Metalfisa'!$A9) -> 0 | AS9: =SUMIFS(METALFISA!$E:$E,METALFISA!$A:$A,'Faltantes Fevereiro- Metalfisa'!AS$3,METALFISA!$B:$B,'Faltantes Fevereiro- Metalfisa'!$A9) -> 0 | AU9: 0 | AV9: 0 | AW9: 0 | AX9: 0 | AY9: 0 | AZ9: 0 | BA9: 0 | BB9: 0 | BC9: 0 | BD9: 0 | BE9: 0 | BF9: 0 | BG9: 0 | BH9: 0 | BI9: 0 | BJ9: 0 | BK9: 0 | BL9: 0 | BM9: 4 | BN9: 0 | BO9: 0 | BP9: 0 | BQ9: 0 | BR9: 0 | BS9: 0 | BT9: 0 | BU9: 0 | BV9: 0 | BW9: 0 | BX9: 0 | BY9: 0 | BZ9: 0 | CA9: 0 | CB9: 0 | CC9: 0 | CD9: 0 | CE9: 0 | CF9: 0 | CG9: 0 | CH9: 0 | CI9: 0 | CJ9: 0 | CK9: 0 | CL9: 0
A10: 13.03.00062 | B10: BANDEJA SUPORTE CPU / AA_0394_08 | C10: 0 | D10: 0 | E10: 0 | F10: 0 | G10: 3 | H10: =IFERROR(VLOOKUP(A10,[1]FALTANTES!$A:$AB,28,FALSE),"-") -> 0 | I10: =IFERROR(VLOOKUP(A10,[1]FALTANTES!$A:$AC,29,FALSE),"-") -> 0 | J10: =IFERROR(VLOOKUP(A10,[1]FALTANTES!$A:$AD,30,FALSE),"-") -> -3 | K10: 0 | L10: =SUM(M10:AS10) -> 3 | M10: =SUMIFS(METALFISA!$E:$E,METALFISA!$A:$A,'Faltantes Fevereiro- Metalfisa'!M$3,METALFISA!$B:$B,'Faltantes Fevereiro- Metalfisa'!$A10) -> 0 | N10: =SUMIFS(METALFISA!$E:$E,METALFISA!$A:$A,'Faltantes Fevereiro- Metalfisa'!N$3,METALFISA!$B:$B,'Faltantes Fevereiro- Metalfisa'!$A10) -> 0 | O10: =SUMIFS(METALFISA!$E:$E,METALFISA!$A:$A,'Faltantes Fevereiro- Metalfisa'!O$3,METALFISA!$B:$B,'Faltantes Fevereiro- Metalfisa'!$A10) -> 0 | P10: =SUMIFS(METALFISA!$E:$E,METALFISA!$A:$A,'Faltantes Fevereiro- Metalfisa'!P$3,METALFISA!$B:$B,'Faltantes Fevereiro- Metalfisa'!$A10) -> 0 | Q10: =SUMIFS(METALFISA!$E:$E,METALFISA!$A:$A,'Faltantes Fevereiro- Metalfisa'!Q$3,METALFISA!$B:$B,'Faltantes Fevereiro- Metalfisa'!$A10) -> 0 | R10: =SUMIFS(METALFISA!$E:$E,METALFISA!$A:$A,'Faltantes Fevereiro- Metalfisa'!R$3,METALFISA!$B:$B,'Faltantes Fevereiro- Metalfisa'!$A10) -> 0 | S10: =SUMIFS(METALFISA!$E:$E,METALFISA!$A:$A,'Faltantes Fevereiro- Metalfisa'!S$3,METALFISA!$B:$B,'Faltantes Fevereiro- Metalfisa'!$A10) -> 0 | T10: =SUMIFS(METALFISA!$E:$E,METALFISA!$A:$A,'Faltantes Fevereiro- Metalfisa'!T$3,METALFISA!$B:$B,'Faltantes Fevereiro- Metalfisa'!$A10) -> 0 | ... AP10: =SUMIFS(METALFISA!$E:$E,METALFISA!$A:$A,'Faltantes Fevereiro- Metalfisa'!AP$3,METALFISA!$B:$B,'Faltantes Fevereiro- Metalfisa'!$A10) -> 0 | AR10: =SUMIFS(METALFISA!$E:$E,METALFISA!$A:$A,'Faltantes Fevereiro- Metalfisa'!AR$3,METALFISA!$B:$B,'Faltantes Fevereiro- Metalfisa'!$A10) -> 0 | AS10: =SUMIFS(METALFISA!$E:$E,METALFISA!$A:$A,'Faltantes Fevereiro- Metalfisa'!AS$3,METALFISA!$B:$B,'Faltantes Fevereiro- Metalfisa'!$A10) -> 0 | AU10: 0 | AV10: 0 | AW10: 0 | AX10: 0 | AY10: 0 | AZ10: 0 | BA10: 0 | BB10: 0 | BC10: 0 | BD10: 0 | BE10: 0 | BF10: 0 | BG10: 0 | BH10: 0 | BI10: 0 | BJ10: 0 | BK10: 0 | BL10: 0 | BM10: 1 | BN10: 0 | BO10: 0 | BP10: 0 | BQ10: 0 | BR10: 0 | BS10: 0 | BT10: 0 | BU10: 0 | BV10: 0 | BW10: 0 | BX10: 0 | BY10: 0 | BZ10: 0 | CA10: 0 | CB10: 0 | CC10: 0 | CD10: 0 | CE10: 0 | CF10: 0 | CG10: 0 | CH10: 0 | CI10: 0 | CJ10: 0 | CK10: 0 | CL10: 0
A11: 13.03.00065 | B11: DMC-400 - RAMPA COLIMADOR FLATSCAN \ AA_0400_00 | C11: 0 | D11: 0 | E11: 0 | F11: 0 | G11: 5 | H11: =IFERROR(VLOOKUP(A11,[1]FALTANTES!$A:$AB,28,FALSE),"-") -> 0 | I11: =IFERROR(VLOOKUP(A11,[1]FALTANTES!$A:$AC,29,FALSE),"-") -> 0 | J11: =IFERROR(VLOOKUP(A11,[1]FALTANTES!$A:$AD,30,FALSE),"-") -> -5 | K11: 0 | L11: =SUM(M11:AS11) -> 48 | M11: =SUMIFS(METALFISA!$E:$E,METALFISA!$A:$A,'Faltantes Fevereiro- Metalfisa'!M$3,METALFISA!$B:$B,'Faltantes Fevereiro- Metalfisa'!$A11) -> 0 | N11: =SUMIFS(METALFISA!$E:$E,METALFISA!$A:$A,'Faltantes Fevereiro- Metalfisa'!N$3,METALFISA!$B:$B,'Faltantes Fevereiro- Metalfisa'!$A11) -> 0 | O11: =SUMIFS(METALFISA!$E:$E,METALFISA!$A:$A,'Faltantes Fevereiro- Metalfisa'!O$3,METALFISA!$B:$B,'Faltantes Fevereiro- Metalfisa'!$A11) -> 0 | P11: =SUMIFS(METALFISA!$E:$E,METALFISA!$A:$A,'Faltantes Fevereiro- Metalfisa'!P$3,METALFISA!$B:$B,'Faltantes Fevereiro- Metalfisa'!$A11) -> 0 | Q11: =SUMIFS(METALFISA!$E:$E,METALFISA!$A:$A,'Faltantes Fevereiro- Metalfisa'!Q$3,METALFISA!$B:$B,'Faltantes Fevereiro- Metalfisa'!$A11) -> 0 | R11: =SUMIFS(METALFISA!$E:$E,METALFISA!$A:$A,'Faltantes Fevereiro- Metalfisa'!R$3,METALFISA!$B:$B,'Faltantes Fevereiro- Metalfisa'!$A11) -> 0 | S11: =SUMIFS(METALFISA!$E:$E,METALFISA!$A:$A,'Faltantes Fevereiro- Metalfisa'!S$3,METALFISA!$B:$B,'Faltantes Fevereiro- Metalfisa'!$A11) -> 0 | T11: =SUMIFS(METALFISA!$E:$E,METALFISA!$A:$A,'Faltantes Fevereiro- Metalfisa'!T$3,METALFISA!$B:$B,'Faltantes Fevereiro- Metalfisa'!$A11) -> 0 | ... AP11: =SUMIFS(METALFISA!$E:$E,METALFISA!$A:$A,'Faltantes Fevereiro- Metalfisa'!AP$3,METALFISA!$B:$B,'Faltantes Fevereiro- Metalfisa'!$A11) -> 0 | AR11: =SUMIFS(METALFISA!$E:$E,METALFISA!$A:$A,'Faltantes Fevereiro- Metalfisa'!AR$3,METALFISA!$B:$B,'Faltantes Fevereiro- Metalfisa'!$A11) -> 0 | AS11: =SUMIFS(METALFISA!$E:$E,METALFISA!$A:$A,'Faltantes Fevereiro- Metalfisa'!AS$3,METALFISA!$B:$B,'Faltantes Fevereiro- Metalfisa'!$A11) -> 0 | AU11: 0 | AV11: 0 | AW11: 0 | AX11: 0 | AY11: 0 | AZ11: 0 | BA11: 0 | BB11: 0 | BC11: 0 | BD11: 0 | BE11: 0 | BF11: 0 | BG11: 0 | BH11: 0 | BI11: 0 | BJ11: 0 | BK11: 0 | BL11: 0 | BM11: 16 | BN11: 0 | BO11: 0 | BP11: 0 | BQ11: 0 | BR11: 0 | BS11: 0 | BT11: 0 | BU11: 0 | BV11: 0 | BW11: 0 | BX11: 0 | BY11: 0 | BZ11: 0 | CA11: 0 | CB11: 0 | CC11: 0 | CD11: 0 | CE11: 0 | CF11: 0 | CG11: 0 | CH11: 0 | CI11: 0 | CJ11: 0 | CK11: 0 | CL11: 0
A12: 13.03.00080 | B12: DMC-273 - CHASSI PROT. MESA FLAT \ AA_0273_10 | C12: 0 | D12: 0 | E12: 0 | F12: 0 | G12: 4 | H12: =IFERROR(VLOOKUP(A12,[1]FALTANTES!$A:$AB,28,FALSE),"-") -> 0 | I12: =IFERROR(VLOOKUP(A12,[1]FALTANTES!$A:$AC,29,FALSE),"-") -> 2 | J12: =IFERROR(VLOOKUP(A12,[1]FALTANTES!$A:$AD,30,FALSE),"-") -> -2 | K12: ENTREGUE 2 PEÇAS NO DANFE 41640 EM 06/02-METALFISA | L12: =SUM(M12:AS12) -> 1 | M12: =SUMIFS(METALFISA!$E:$E,METALFISA!$A:$A,'Faltantes Fevereiro- Metalfisa'!M$3,METALFISA!$B:$B,'Faltantes Fevereiro- Metalfisa'!$A12) -> 0 | N12: =SUMIFS(METALFISA!$E:$E,METALFISA!$A:$A,'Faltantes Fevereiro- Metalfisa'!N$3,METALFISA!$B:$B,'Faltantes Fevereiro- Metalfisa'!$A12) -> 0 | O12: =SUMIFS(METALFISA!$E:$E,METALFISA!$A:$A,'Faltantes Fevereiro- Metalfisa'!O$3,METALFISA!$B:$B,'Faltantes Fevereiro- Metalfisa'!$A12) -> 0 | P12: =SUMIFS(METALFISA!$E:$E,METALFISA!$A:$A,'Faltantes Fevereiro- Metalfisa'!P$3,METALFISA!$B:$B,'Faltantes Fevereiro- Metalfisa'!$A12) -> 0 | Q12: =SUMIFS(METALFISA!$E:$E,METALFISA!$A:$A,'Faltantes Fevereiro- Metalfisa'!Q$3,METALFISA!$B:$B,'Faltantes Fevereiro- Metalfisa'!$A12) -> 0 | R12: =SUMIFS(METALFISA!$E:$E,METALFISA!$A:$A,'Faltantes Fevereiro- Metalfisa'!R$3,METALFISA!$B:$B,'Faltantes Fevereiro- Metalfisa'!$A12) -> 0 | S12: =SUMIFS(METALFISA!$E:$E,METALFISA!$A:$A,'Faltantes Fevereiro- Metalfisa'!S$3,METALFISA!$B:$B,'Faltantes Fevereiro- Metalfisa'!$A12) -> 0 | T12: =SUMIFS(METALFISA!$E:$E,METALFISA!$A:$A,'Faltantes Fevereiro- Metalfisa'!T$3,METALFISA!$B:$B,'Faltantes Fevereiro- Metalfisa'!$A12) -> 0 | ... AP12: =SUMIFS(METALFISA!$E:$E,METALFISA!$A:$A,'Faltantes Fevereiro- Metalfisa'!AP$3,METALFISA!$B:$B,'Faltantes Fevereiro- Metalfisa'!$A12) -> 0 | AR12: =SUMIFS(METALFISA!$E:$E,METALFISA!$A:$A,'Faltantes Fevereiro- Metalfisa'!AR$3,METALFISA!$B:$B,'Faltantes Fevereiro- Metalfisa'!$A12) -> 0 | AS12: =SUMIFS(METALFISA!$E:$E,METALFISA!$A:$A,'Faltantes Fevereiro- Metalfisa'!AS$3,METALFISA!$B:$B,'Faltantes Fevereiro- Metalfisa'!$A12) -> 0 | AU12: 0 | AV12: 0 | AW12: 0 | AX12: 0 | AY12: 0 | AZ12: 0 | BA12: 0 | BB12: 0 | BC12: 0 | BD12: 0 | BE12: 0 | BF12: 0 | BG12: 0 | BH12: 0 | BI12: 0 | BJ12: 0 | BK12: 0 | BL12: 0 | BM12: 1 | BN12: 0 | BO12: 0 | BP12: 0 | BQ12: 0 | BR12: 0 | BS12: 0 | BT12: 0 | BU12: 0 | BV12: 0 | BW12: 0 | BX12: 0 | BY12: 0 | BZ12: 0 | CA12: 0 | CB12: 0 | CC12: 0 | CD12: 0 | CE12: 0 | CF12: 0 | CG12: 0 | CH12: 0 | CI12: 0 | CJ12: 0 | CK12: 0 | CL12: 0
A13: 13.03.00081 | B13: DMC-275 - ACABAMENTO FLATSCAN \ AA_0275_05 | C13: 0 | D13: 0 | E13: 0 | F13: 0 | G13: 8 | H13: =IFERROR(VLOOKUP(A13,[1]FALTANTES!$A:$AB,28,FALSE),"-") -> 0 | I13: =IFERROR(VLOOKUP(A13,[1]FALTANTES!$A:$AC,29,FALSE),"-") -> 0 | J13: =IFERROR(VLOOKUP(A13,[1]FALTANTES!$A:$AD,30,FALSE),"-") -> -8 | K13: 0 | L13: =SUM(M13:AS13) -> 8 | M13: =SUMIFS(METALFISA!$E:$E,METALFISA!$A:$A,'Faltantes Fevereiro- Metalfisa'!M$3,METALFISA!$B:$B,'Faltantes Fevereiro- Metalfisa'!$A13) -> 0 | N13: =SUMIFS(METALFISA!$E:$E,METALFISA!$A:$A,'Faltantes Fevereiro- Metalfisa'!N$3,METALFISA!$B:$B,'Faltantes Fevereiro- Metalfisa'!$A13) -> 0 | O13: =SUMIFS(METALFISA!$E:$E,METALFISA!$A:$A,'Faltantes Fevereiro- Metalfisa'!O$3,METALFISA!$B:$B,'Faltantes Fevereiro- Metalfisa'!$A13) -> 0 | P13: =SUMIFS(METALFISA!$E:$E,METALFISA!$A:$A,'Faltantes Fevereiro- Metalfisa'!P$3,METALFISA!$B:$B,'Faltantes Fevereiro- Metalfisa'!$A13) -> 0 | Q13: =SUMIFS(METALFISA!$E:$E,METALFISA!$A:$A,'Faltantes Fevereiro- Metalfisa'!Q$3,METALFISA!$B:$B,'Faltantes Fevereiro- Metalfisa'!$A13) -> 0 | R13: =SUMIFS(METALFISA!$E:$E,METALFISA!$A:$A,'Faltantes Fevereiro- Metalfisa'!R$3,METALFISA!$B:$B,'Faltantes Fevereiro- Metalfisa'!$A13) -> 0 | S13: =SUMIFS(METALFISA!$E:$E,METALFISA!$A:$A,'Faltantes Fevereiro- Metalfisa'!S$3,METALFISA!$B:$B,'Faltantes Fevereiro- Metalfisa'!$A13) -> 0 | T13: =SUMIFS(METALFISA!$E:$E,METALFISA!$A:$A,'Faltantes Fevereiro- Metalfisa'!T$3,METALFISA!$B:$B,'Faltantes Fevereiro- Metalfisa'!$A13) -> 0 | ... AP13: =SUMIFS(METALFISA!$E:$E,METALFISA!$A:$A,'Faltantes Fevereiro- Metalfisa'!AP$3,METALFISA!$B:$B,'Faltantes Fevereiro- Metalfisa'!$A13) -> 0 | AR13: =SUMIFS(METALFISA!$E:$E,METALFISA!$A:$A,'Faltantes Fevereiro- Metalfisa'!AR$3,METALFISA!$B:$B,'Faltantes Fevereiro- Metalfisa'!$A13) -> 0 | AS13: =SUMIFS(METALFISA!$E:$E,METALFISA!$A:$A,'Faltantes Fevereiro- Metalfisa'!AS$3,METALFISA!$B:$B,'Faltantes Fevereiro- Metalfisa'!$A13) -> 0 | AU13: 0 | AV13: 0 | AW13: 0 | AX13: 0 | AY13: 0 | AZ13: 0 | BA13: 0 | BB13: 0 | BC13: 0 | BD13: 0 | BE13: 0 | BF13: 0 | BG13: 0 | BH13: 0 | BI13: 0 | BJ13: 0 | BK13: 0 | BL13: 0 | BM13: 4 | BN13: 0 | BO13: 0 | BP13: 0 | BQ13: 0 | BR13: 0 | BS13: 0 | BT13: 0 | BU13: 0 | BV13: 0 | BW13: 0 | BX13: 0 | BY13: 0 | BZ13: 0 | CA13: 0 | CB13: 0 | CC13: 0 | CD13: 0 | CE13: 0 | CF13: 0 | CG13: 0 | CH13: 0 | CI13: 0 | CJ13: 0 | CK13: 0 | CL13: 0
A14: 13.03.00110 | B14: DMC-214 - FIXACAO DO VIDRO NA PORTA \ AA_0214_02 | C14: 0 | D14: 0 | E14: 0 | F14: 0 | G14: 4 | H14: =IFERROR(VLOOKUP(A14,[1]FALTANTES!$A:$AB,28,FALSE),"-") -> 0 | I14: =IFERROR(VLOOKUP(A14,[1]FALTANTES!$A:$AC,29,FALSE),"-") -> 0 | J14: =IFERROR(VLOOKUP(A14,[1]FALTANTES!$A:$AD,30,FALSE),"-") -> -4 | K14: 0 | L14: =SUM(M14:AS14) -> 4 | M14: =SUMIFS(METALFISA!$E:$E,METALFISA!$A:$A,'Faltantes Fevereiro- Metalfisa'!M$3,METALFISA!$B:$B,'Faltantes Fevereiro- Metalfisa'!$A14) -> 0 | N14: =SUMIFS(METALFISA!$E:$E,METALFISA!$A:$A,'Faltantes Fevereiro- Metalfisa'!N$3,METALFISA!$B:$B,'Faltantes Fevereiro- Metalfisa'!$A14) -> 0 | O14: =SUMIFS(METALFISA!$E:$E,METALFISA!$A:$A,'Faltantes Fevereiro- Metalfisa'!O$3,METALFISA!$B:$B,'Faltantes Fevereiro- Metalfisa'!$A14) -> 0 | P14: =SUMIFS(METALFISA!$E:$E,METALFISA!$A:$A,'Faltantes Fevereiro- Metalfisa'!P$3,METALFISA!$B:$B,'Faltantes Fevereiro- Metalfisa'!$A14) -> 0 | Q14: =SUMIFS(METALFISA!$E:$E,METALFISA!$A:$A,'Faltantes Fevereiro- Metalfisa'!Q$3,METALFISA!$B:$B,'Faltantes Fevereiro- Metalfisa'!$A14) -> 0 | R14: =SUMIFS(METALFISA!$E:$E,METALFISA!$A:$A,'Faltantes Fevereiro- Metalfisa'!R$3,METALFISA!$B:$B,'Faltantes Fevereiro- Metalfisa'!$A14) -> 0 | S14: =SUMIFS(METALFISA!$E:$E,METALFISA!$A:$A,'Faltantes Fevereiro- Metalfisa'!S$3,METALFISA!$B:$B,'Faltantes Fevereiro- Metalfisa'!$A14) -> 0 | T14: =SUMIFS(METALFISA!$E:$E,METALFISA!$A:$A,'Faltantes Fevereiro- Metalfisa'!T$3,METALFISA!$B:$B,'Faltantes Fevereiro- Metalfisa'!$A14) -> 0 | ... AP14: =SUMIFS(METALFISA!$E:$E,METALFISA!$A:$A,'Faltantes Fevereiro- Metalfisa'!AP$3,METALFISA!$B:$B,'Faltantes Fevereiro- Metalfisa'!$A14) -> 0 | AR14: =SUMIFS(METALFISA!$E:$E,METALFISA!$A:$A,'Faltantes Fevereiro- Metalfisa'!AR$3,METALFISA!$B:$B,'Faltantes Fevereiro- Metalfisa'!$A14) -> 0 | AS14: =SUMIFS(METALFISA!$E:$E,METALFISA!$A:$A,'Faltantes Fevereiro- Metalfisa'!AS$3,METALFISA!$B:$B,'Faltantes Fevereiro- Metalfisa'!$A14) -> 0 | AU14: 0 | AV14: 0 | AW14: 0 | AX14: 0 | AY14: 0 | AZ14: 0 | BA14: 0 | BB14: 0 | BC14: 0 | BD14: 0 | BE14: 0 | BF14: 0 | BG14: 0 | BH14: 0 | BI14: 0 | BJ14: 0 | BK14: 0 | BL14: 0 | BM14: 2 | BN14: 0 | BO14: 0 | BP14: 0 | BQ14: 0 | BR14: 0 | BS14: 0 | BT14: 0 | BU14: 0 | BV14: 0 | BW14: 0 | BX14: 0 | BY14: 0 | BZ14: 0 | CA14: 0 | CB14: 0 | CC14: 0 | CD14: 0 | CE14: 0 | CF14: 0 | CG14: 0 | CH14: 0 | CI14: 0 | CJ14: 0 | CK14: 0 | CL14: 0
A15: 13.03.00111 | B15: DMC-216 - ACABAMENTO FRONTAL \ AA_0216_04 | C15: 0 | D15: 0 | E15: 0 | F15: 0 | G15: 6 | H15: =IFERROR(VLOOKUP(A15,[1]FALTANTES!$A:$AB,28,FALSE),"-") -> 0 | I15: =IFERROR(VLOOKUP(A15,[1]FALTANTES!$A:$AC,29,FALSE),"-") -> 0 | J15: =IFERROR(VLOOKUP(A15,[1]FALTANTES!$A:$AD,30,FALSE),"-") -> -6 | K15: 0 | L15: =SUM(M15:AS15) -> 6 | M15: =SUMIFS(METALFISA!$E:$E,METALFISA!$A:$A,'Faltantes Fevereiro- Metalfisa'!M$3,METALFISA!$B:$B,'Faltantes Fevereiro- Metalfisa'!$A15) -> 0 | N15: =SUMIFS(METALFISA!$E:$E,METALFISA!$A:$A,'Faltantes Fevereiro- Metalfisa'!N$3,METALFISA!$B:$B,'Faltantes Fevereiro- Metalfisa'!$A15) -> 0 | O15: =SUMIFS(METALFISA!$E:$E,METALFISA!$A:$A,'Faltantes Fevereiro- Metalfisa'!O$3,METALFISA!$B:$B,'Faltantes Fevereiro- Metalfisa'!$A15) -> 0 | P15: =SUMIFS(METALFISA!$E:$E,METALFISA!$A:$A,'Faltantes Fevereiro- Metalfisa'!P$3,METALFISA!$B:$B,'Faltantes Fevereiro- Metalfisa'!$A15) -> 0 | Q15: =SUMIFS(METALFISA!$E:$E,METALFISA!$A:$A,'Faltantes Fevereiro- Metalfisa'!Q$3,METALFISA!$B:$B,'Faltantes Fevereiro- Metalfisa'!$A15) -> 0 | R15: =SUMIFS(METALFISA!$E:$E,METALFISA!$A:$A,'Faltantes Fevereiro- Metalfisa'!R$3,METALFISA!$B:$B,'Faltantes Fevereiro- Metalfisa'!$A15) -> 0 | S15: =SUMIFS(METALFISA!$E:$E,METALFISA!$A:$A,'Faltantes Fevereiro- Metalfisa'!S$3,METALFISA!$B:$B,'Faltantes Fevereiro- Metalfisa'!$A15) -> 0 | T15: =SUMIFS(METALFISA!$E:$E,METALFISA!$A:$A,'Faltantes Fevereiro- Metalfisa'!T$3,METALFISA!$B:$B,'Faltantes Fevereiro- Metalfisa'!$A15) -> 0 | ... AP15: =SUMIFS(METALFISA!$E:$E,METALFISA!$A:$A,'Faltantes Fevereiro- Metalfisa'!AP$3,METALFISA!$B:$B,'Faltantes Fevereiro- Metalfisa'!$A15) -> 0 | AR15: =SUMIFS(METALFISA!$E:$E,METALFISA!$A:$A,'Faltantes Fevereiro- Metalfisa'!AR$3,METALFISA!$B:$B,'Faltantes Fevereiro- Metalfisa'!$A15) -> 0 | AS15: =SUMIFS(METALFISA!$E:$E,METALFISA!$A:$A,'Faltantes Fevereiro- Metalfisa'!AS$3,METALFISA!$B:$B,'Faltantes Fevereiro- Metalfisa'!$A15) -> 0 | AU15: 0 | AV15: 0 | AW15: 0 | AX15: 0 | AY15: 0 | AZ15: 0 | BA15: 0 | BB15: 0 | BC15: 0 | BD15: 0 | BE15: 0 | BF15: 0 | BG15: 0 | BH15: 0 | BI15: 0 | BJ15: 0 | BK15: 0 | BL15: 0 | BM15: 2 | BN15: 0 | BO15: 0 | BP15: 0 | BQ15: 0 | BR15: 0 | BS15: 0 | BT15: 0 | BU15: 0 | BV15: 0 | BW15: 0 | BX15: 0 | BY15: 0 | BZ15: 0 | CA15: 0 | CB15: 0 | CC15: 0 | CD15: 0 | CE15: 0 | CF15: 0 | CG15: 0 | CH15: 0 | CI15: 0 | CJ15: 0 | CK15: 0 | CL15: 0
A16: 13.03.00112 | B16: SUPORTE LED \ AA_0223_09 | C16: 0 | D16: 0 | E16: 0 | F16: 0 | G16: 6 | H16: =IFERROR(VLOOKUP(A16,[1]FALTANTES!$A:$AB,28,FALSE),"-") -> 0 | I16: =IFERROR(VLOOKUP(A16,[1]FALTANTES!$A:$AC,29,FALSE),"-") -> 0 | J16: =IFERROR(VLOOKUP(A16,[1]FALTANTES!$A:$AD,30,FALSE),"-") -> -6 | K16: 0 | L16: =SUM(M16:AS16) -> 6 | M16: =SUMIFS(METALFISA!$E:$E,METALFISA!$A:$A,'Faltantes Fevereiro- Metalfisa'!M$3,METALFISA!$B:$B,'Faltantes Fevereiro- Metalfisa'!$A16) -> 0 | N16: =SUMIFS(METALFISA!$E:$E,METALFISA!$A:$A,'Faltantes Fevereiro- Metalfisa'!N$3,METALFISA!$B:$B,'Faltantes Fevereiro- Metalfisa'!$A16) -> 0 | O16: =SUMIFS(METALFISA!$E:$E,METALFISA!$A:$A,'Faltantes Fevereiro- Metalfisa'!O$3,METALFISA!$B:$B,'Faltantes Fevereiro- Metalfisa'!$A16) -> 0 | P16: =SUMIFS(METALFISA!$E:$E,METALFISA!$A:$A,'Faltantes Fevereiro- Metalfisa'!P$3,METALFISA!$B:$B,'Faltantes Fevereiro- Metalfisa'!$A16) -> 0 | Q16: =SUMIFS(METALFISA!$E:$E,METALFISA!$A:$A,'Faltantes Fevereiro- Metalfisa'!Q$3,METALFISA!$B:$B,'Faltantes Fevereiro- Metalfisa'!$A16) -> 0 | R16: =SUMIFS(METALFISA!$E:$E,METALFISA!$A:$A,'Faltantes Fevereiro- Metalfisa'!R$3,METALFISA!$B:$B,'Faltantes Fevereiro- Metalfisa'!$A16) -> 0 | S16: =SUMIFS(METALFISA!$E:$E,METALFISA!$A:$A,'Faltantes Fevereiro- Metalfisa'!S$3,METALFISA!$B:$B,'Faltantes Fevereiro- Metalfisa'!$A16) -> 0 | T16: =SUMIFS(METALFISA!$E:$E,METALFISA!$A:$A,'Faltantes Fevereiro- Metalfisa'!T$3,METALFISA!$B:$B,'Faltantes Fevereiro- Metalfisa'!$A16) -> 0 | ... AP16: =SUMIFS(METALFISA!$E:$E,METALFISA!$A:$A,'Faltantes Fevereiro- Metalfisa'!AP$3,METALFISA!$B:$B,'Faltantes Fevereiro- Metalfisa'!$A16) -> 0 | AR16: =SUMIFS(METALFISA!$E:$E,METALFISA!$A:$A,'Faltantes Fevereiro- Metalfisa'!AR$3,METALFISA!$B:$B,'Faltantes Fevereiro- Metalfisa'!$A16) -> 0 | AS16: =SUMIFS(METALFISA!$E:$E,METALFISA!$A:$A,'Faltantes Fevereiro- Metalfisa'!AS$3,METALFISA!$B:$B,'Faltantes Fevereiro- Metalfisa'!$A16) -> 0 | AU16: 0 | AV16: 0 | AW16: 0 | AX16: 0 | AY16: 0 | AZ16: 0 | BA16: 0 | BB16: 0 | BC16: 0 | BD16: 0 | BE16: 0 | BF16: 0 | BG16: 0 | BH16: 0 | BI16: 0 | BJ16: 0 | BK16: 0 | BL16: 0 | BM16: 2 | BN16: 0 | BO16: 0 | BP16: 0 | BQ16: 0 | BR16: 0 | BS16: 0 | BT16: 0 | BU16: 0 | BV16: 0 | BW16: 0 | BX16: 0 | BY16: 0 | BZ16: 0 | CA16: 0 | CB16: 0 | CC16: 0 | CD16: 0 | CE16: 0 | CF16: 0 | CG16: 0 | CH16: 0 | CI16: 0 | CJ16: 0 | CK16: 0 | CL16: 0
A17: 13.03.00123 | B17: DMC-274 - BANDEJA DA MESA \ AA_0274_08 | C17: 0 | D17: 0 | E17: 0 | F17: 0 | G17: 3 | H17: =IFERROR(VLOOKUP(A17,[1]FALTANTES!$A:$AB,28,FALSE),"-") -> 0 | I17: =IFERROR(VLOOKUP(A17,[1]FALTANTES!$A:$AC,29,FALSE),"-") -> 0 | J17: =IFERROR(VLOOKUP(A17,[1]FALTANTES!$A:$AD,30,FALSE),"-") -> -3 | K17: 0 | L17: =SUM(M17:AS17) -> 3 | M17: =SUMIFS(METALFISA!$E:$E,METALFISA!$A:$A,'Faltantes Fevereiro- Metalfisa'!M$3,METALFISA!$B:$B,'Faltantes Fevereiro- Metalfisa'!$A17) -> 0 | N17: =SUMIFS(METALFISA!$E:$E,METALFISA!$A:$A,'Faltantes Fevereiro- Metalfisa'!N$3,METALFISA!$B:$B,'Faltantes Fevereiro- Metalfisa'!$A17) -> 0 | O17: =SUMIFS(METALFISA!$E:$E,METALFISA!$A:$A,'Faltantes Fevereiro- Metalfisa'!O$3,METALFISA!$B:$B,'Faltantes Fevereiro- Metalfisa'!$A17) -> 0 | P17: =SUMIFS(METALFISA!$E:$E,METALFISA!$A:$A,'Faltantes Fevereiro- Metalfisa'!P$3,METALFISA!$B:$B,'Faltantes Fevereiro- Metalfisa'!$A17) -> 0 | Q17: =SUMIFS(METALFISA!$E:$E,METALFISA!$A:$A,'Faltantes Fevereiro- Metalfisa'!Q$3,METALFISA!$B:$B,'Faltantes Fevereiro- Metalfisa'!$A17) -> 0 | R17: =SUMIFS(METALFISA!$E:$E,METALFISA!$A:$A,'Faltantes Fevereiro- Metalfisa'!R$3,METALFISA!$B:$B,'Faltantes Fevereiro- Metalfisa'!$A17) -> 0 | S17: =SUMIFS(METALFISA!$E:$E,METALFISA!$A:$A,'Faltantes Fevereiro- Metalfisa'!S$3,METALFISA!$B:$B,'Faltantes Fevereiro- Metalfisa'!$A17) -> 0 | T17: =SUMIFS(METALFISA!$E:$E,METALFISA!$A:$A,'Faltantes Fevereiro- Metalfisa'!T$3,METALFISA!$B:$B,'Faltantes Fevereiro- Metalfisa'!$A17) -> 0 | ... AP17: =SUMIFS(METALFISA!$E:$E,METALFISA!$A:$A,'Faltantes Fevereiro- Metalfisa'!AP$3,METALFISA!$B:$B,'Faltantes Fevereiro- Metalfisa'!$A17) -> 0 | AR17: =SUMIFS(METALFISA!$E:$E,METALFISA!$A:$A,'Faltantes Fevereiro- Metalfisa'!AR$3,METALFISA!$B:$B,'Faltantes Fevereiro- Metalfisa'!$A17) -> 0 | AS17: =SUMIFS(METALFISA!$E:$E,METALFISA!$A:$A,'Faltantes Fevereiro- Metalfisa'!AS$3,METALFISA!$B:$B,'Faltantes Fevereiro- Metalfisa'!$A17) -> 0 | AU17: 0 | AV17: 0 | AW17: 0 | AX17: 0 | AY17: 0 | AZ17: 0 | BA17: 0 | BB17: 0 | BC17: 0 | BD17: 0 | BE17: 0 | BF17: 0 | BG17: 0 | BH17: 0 | BI17: 0 | BJ17: 0 | BK17: 0 | BL17: 0 | BM17: 1 | BN17: 0 | BO17: 0 | BP17: 0 | BQ17: 0 | BR17: 0 | BS17: 0 | BT17: 0 | BU17: 0 | BV17: 0 | BW17: 0 | BX17: 0 | BY17: 0 | BZ17: 0 | CA17: 0 | CB17: 0 | CC17: 0 | CD17: 0 | CE17: 0 | CF17: 0 | CG17: 0 | CH17: 0 | CI17: 0 | CJ17: 0 | CK17: 0 | CL17: 0
A18: 13.03.00124 | B18: DMC-281 - TAMPA PORTA MENOR ESQUERDA \ AA_0281_04 | C18: 0 | D18: 0 | E18: 0 | F18: 0 | G18: 1 | H18: =IFERROR(VLOOKUP(A18,[1]FALTANTES!$A:$AB,28,FALSE),"-") -> 0 | I18: =IFERROR(VLOOKUP(A18,[1]FALTANTES!$A:$AC,29,FALSE),"-") -> 0 | J18: =IFERROR(VLOOKUP(A18,[1]FALTANTES!$A:$AD,30,FALSE),"-") -> -1 | K18: 0 | L18: =SUM(M18:AS18) -> 1 | M18: =SUMIFS(METALFISA!$E:$E,METALFISA!$A:$A,'Faltantes Fevereiro- Metalfisa'!M$3,METALFISA!$B:$B,'Faltantes Fevereiro- Metalfisa'!$A18) -> 0 | N18: =SUMIFS(METALFISA!$E:$E,METALFISA!$A:$A,'Faltantes Fevereiro- Metalfisa'!N$3,METALFISA!$B:$B,'Faltantes Fevereiro- Metalfisa'!$A18) -> 0 | O18: =SUMIFS(METALFISA!$E:$E,METALFISA!$A:$A,'Faltantes Fevereiro- Metalfisa'!O$3,METALFISA!$B:$B,'Faltantes Fevereiro- Metalfisa'!$A18) -> 0 | P18: =SUMIFS(METALFISA!$E:$E,METALFISA!$A:$A,'Faltantes Fevereiro- Metalfisa'!P$3,METALFISA!$B:$B,'Faltantes Fevereiro- Metalfisa'!$A18) -> 0 | Q18: =SUMIFS(METALFISA!$E:$E,METALFISA!$A:$A,'Faltantes Fevereiro- Metalfisa'!Q$3,METALFISA!$B:$B,'Faltantes Fevereiro- Metalfisa'!$A18) -> 0 | R18: =SUMIFS(METALFISA!$E:$E,METALFISA!$A:$A,'Faltantes Fevereiro- Metalfisa'!R$3,METALFISA!$B:$B,'Faltantes Fevereiro- Metalfisa'!$A18) -> 0 | S18: =SUMIFS(METALFISA!$E:$E,METALFISA!$A:$A,'Faltantes Fevereiro- Metalfisa'!S$3,METALFISA!$B:$B,'Faltantes Fevereiro- Metalfisa'!$A18) -> 0 | T18: =SUMIFS(METALFISA!$E:$E,METALFISA!$A:$A,'Faltantes Fevereiro- Metalfisa'!T$3,METALFISA!$B:$B,'Faltantes Fevereiro- Metalfisa'!$A18) -> 0 | ... AP18: =SUMIFS(METALFISA!$E:$E,METALFISA!$A:$A,'Faltantes Fevereiro- Metalfisa'!AP$3,METALFISA!$B:$B,'Faltantes Fevereiro- Metalfisa'!$A18) -> 0 | AR18: =SUMIFS(METALFISA!$E:$E,METALFISA!$A:$A,'Faltantes Fevereiro- Metalfisa'!AR$3,METALFISA!$B:$B,'Faltantes Fevereiro- Metalfisa'!$A18) -> 0 | AS18: =SUMIFS(METALFISA!$E:$E,METALFISA!$A:$A,'Faltantes Fevereiro- Metalfisa'!AS$3,METALFISA!$B:$B,'Faltantes Fevereiro- Metalfisa'!$A18) -> 0 | AU18: 0 | AV18: 0 | AW18: 0 | AX18: 0 | AY18: 0 | AZ18: 0 | BA18: 0 | BB18: 0 | BC18: 0 | BD18: 0 | BE18: 0 | BF18: 0 | BG18: 0 | BH18: 0 | BI18: 0 | BJ18: 0 | BK18: 0 | BL18: 0 | BM18: 1 | BN18: 0 | BO18: 0 | BP18: 0 | BQ18: 0 | BR18: 0 | BS18: 0 | BT18: 0 | BU18: 0 | BV18: 0 | BW18: 0 | BX18: 0 | BY18: 0 | BZ18: 0 | CA18: 0 | CB18: 0 | CC18: 0 | CD18: 0 | CE18: 0 | CF18: 0 | CG18: 0 | CH18: 0 | CI18: 0 | CJ18: 0 | CK18: 0 | CL18: 0
A19: 13.03.00125 | B19: DMC-282 - TAMPA PORTA MAIOR \ AA_0282_06 | C19: 0 | D19: 0 | E19: 0 | F19: 0 | G19: 3 | H19: =IFERROR(VLOOKUP(A19,[1]FALTANTES!$A:$AB,28,FALSE),"-") -> 0 | I19: =IFERROR(VLOOKUP(A19,[1]FALTANTES!$A:$AC,29,FALSE),"-") -> 0 | J19: =IFERROR(VLOOKUP(A19,[1]FALTANTES!$A:$AD,30,FALSE),"-") -> -3 | K19: 0 | L19: =SUM(M19:AS19) -> 3 | M19: =SUMIFS(METALFISA!$E:$E,METALFISA!$A:$A,'Faltantes Fevereiro- Metalfisa'!M$3,METALFISA!$B:$B,'Faltantes Fevereiro- Metalfisa'!$A19) -> 0 | N19: =SUMIFS(METALFISA!$E:$E,METALFISA!$A:$A,'Faltantes Fevereiro- Metalfisa'!N$3,METALFISA!$B:$B,'Faltantes Fevereiro- Metalfisa'!$A19) -> 0 | O19: =SUMIFS(METALFISA!$E:$E,METALFISA!$A:$A,'Faltantes Fevereiro- Metalfisa'!O$3,METALFISA!$B:$B,'Faltantes Fevereiro- Metalfisa'!$A19) -> 0 | P19: =SUMIFS(METALFISA!$E:$E,METALFISA!$A:$A,'Faltantes Fevereiro- Metalfisa'!P$3,METALFISA!$B:$B,'Faltantes Fevereiro- Metalfisa'!$A19) -> 0 | Q19: =SUMIFS(METALFISA!$E:$E,METALFISA!$A:$A,'Faltantes Fevereiro- Metalfisa'!Q$3,METALFISA!$B:$B,'Faltantes Fevereiro- Metalfisa'!$A19) -> 0 | R19: =SUMIFS(METALFISA!$E:$E,METALFISA!$A:$A,'Faltantes Fevereiro- Metalfisa'!R$3,METALFISA!$B:$B,'Faltantes Fevereiro- Metalfisa'!$A19) -> 0 | S19: =SUMIFS(METALFISA!$E:$E,METALFISA!$A:$A,'Faltantes Fevereiro- Metalfisa'!S$3,METALFISA!$B:$B,'Faltantes Fevereiro- Metalfisa'!$A19) -> 0 | T19: =SUMIFS(METALFISA!$E:$E,METALFISA!$A:$A,'Faltantes Fevereiro- Metalfisa'!T$3,METALFISA!$B:$B,'Faltantes Fevereiro- Metalfisa'!$A19) -> 0 | ... AP19: =SUMIFS(METALFISA!$E:$E,METALFISA!$A:$A,'Faltantes Fevereiro- Metalfisa'!AP$3,METALFISA!$B:$B,'Faltantes Fevereiro- Metalfisa'!$A19) -> 0 | AR19: =SUMIFS(METALFISA!$E:$E,METALFISA!$A:$A,'Faltantes Fevereiro- Metalfisa'!AR$3,METALFISA!$B:$B,'Faltantes Fevereiro- Metalfisa'!$A19) -> 0 | AS19: =SUMIFS(METALFISA!$E:$E,METALFISA!$A:$A,'Faltantes Fevereiro- Metalfisa'!AS$3,METALFISA!$B:$B,'Faltantes Fevereiro- Metalfisa'!$A19) -> 0 | AU19: 0 | AV19: 0 | AW19: 0 | AX19: 0 | AY19: 0 | AZ19: 0 | BA19: 0 | BB19: 0 | BC19: 0 | BD19: 0 | BE19: 0 | BF19: 0 | BG19: 0 | BH19: 0 | BI19: 0 | BJ19: 0 | BK19: 0 | BL19: 0 | BM19: 1 | BN19: 0 | BO19: 0 | BP19: 0 | BQ19: 0 | BR19: 0 | BS19: 0 | BT19: 0 | BU19: 0 | BV19: 0 | BW19: 0 | BX19: 0 | BY19: 0 | BZ19: 0 | CA19: 0 | CB19: 0 | CC19: 0 | CD19: 0 | CE19: 0 | CF19: 0 | CG19: 0 | CH19: 0 | CI19: 0 | CJ19: 0 | CK19: 0 | CL19: 0
A20: 13.03.00143 | B20: BASE SOLDADA \ AA_0387_08 | C20: 0 | D20: 0 | E20: 0 | F20: 0 | G20: 3 | H20: =IFERROR(VLOOKUP(A20,[1]FALTANTES!$A:$AB,28,FALSE),"-") -> 0 | I20: =IFERROR(VLOOKUP(A20,[1]FALTANTES!$A:$AC,29,FALSE),"-") -> 0 | J20: =IFERROR(VLOOKUP(A20,[1]FALTANTES!$A:$AD,30,FALSE),"-") -> -3 | K20: 0 | L20: =SUM(M20:AS20) -> 3 | M20: =SUMIFS(METALFISA!$E:$E,METALFISA!$A:$A,'Faltantes Fevereiro- Metalfisa'!M$3,METALFISA!$B:$B,'Faltantes Fevereiro- Metalfisa'!$A20) -> 0 | N20: =SUMIFS(METALFISA!$E:$E,METALFISA!$A:$A,'Faltantes Fevereiro- Metalfisa'!N$3,METALFISA!$B:$B,'Faltantes Fevereiro- Metalfisa'!$A20) -> 0 | O20: =SUMIFS(METALFISA!$E:$E,METALFISA!$A:$A,'Faltantes Fevereiro- Metalfisa'!O$3,METALFISA!$B:$B,'Faltantes Fevereiro- Metalfisa'!$A20) -> 0 | P20: =SUMIFS(METALFISA!$E:$E,METALFISA!$A:$A,'Faltantes Fevereiro- Metalfisa'!P$3,METALFISA!$B:$B,'Faltantes Fevereiro- Metalfisa'!$A20) -> 0 | Q20: =SUMIFS(METALFISA!$E:$E,METALFISA!$A:$A,'Faltantes Fevereiro- Metalfisa'!Q$3,METALFISA!$B:$B,'Faltantes Fevereiro- Metalfisa'!$A20) -> 0 | R20: =SUMIFS(METALFISA!$E:$E,METALFISA!$A:$A,'Faltantes Fevereiro- Metalfisa'!R$3,METALFISA!$B:$B,'Faltantes Fevereiro- Metalfisa'!$A20) -> 0 | S20: =SUMIFS(METALFISA!$E:$E,METALFISA!$A:$A,'Faltantes Fevereiro- Metalfisa'!S$3,METALFISA!$B:$B,'Faltantes Fevereiro- Metalfisa'!$A20) -> 0 | T20: =SUMIFS(METALFISA!$E:$E,METALFISA!$A:$A,'Faltantes Fevereiro- Metalfisa'!T$3,METALFISA!$B:$B,'Faltantes Fevereiro- Metalfisa'!$A20) -> 0 | ... AP20: =SUMIFS(METALFISA!$E:$E,METALFISA!$A:$A,'Faltantes Fevereiro- Metalfisa'!AP$3,METALFISA!$B:$B,'Faltantes Fevereiro- Metalfisa'!$A20) -> 0 | AR20: =SUMIFS(METALFISA!$E:$E,METALFISA!$A:$A,'Faltantes Fevereiro- Metalfisa'!AR$3,METALFISA!$B:$B,'Faltantes Fevereiro- Metalfisa'!$A20) -> 0 | AS20: =SUMIFS(METALFISA!$E:$E,METALFISA!$A:$A,'Faltantes Fevereiro- Metalfisa'!AS$3,METALFISA!$B:$B,'Faltantes Fevereiro- Metalfisa'!$A20) -> 0 | AU20: 0 | AV20: 0 | AW20: 0 | AX20: 0 | AY20: 0 | AZ20: 0 | BA20: 0 | BB20: 0 | BC20: 0 | BD20: 0 | BE20: 0 | BF20: 0 | BG20: 0 | BH20: 0 | BI20: 0 | BJ20: 0 | BK20: 0 | BL20: 0 | BM20: 1 | BN20: 0 | BO20: 0 | BP20: 0 | BQ20: 0 | BR20: 0 | BS20: 0 | BT20: 0 | BU20: 0 | BV20: 0 | BW20: 0 | BX20: 0 | BY20: 0 | BZ20: 0 | CA20: 0 | CB20: 0 | CC20: 0 | CD20: 0 | CE20: 0 | CF20: 0 | CG20: 0 | CH20: 0 | CI20: 0 | CJ20: 0 | CK20: 0 | CL20: 0
A21: 13.03.00164 | B21: DMC-438 - PORTA MAIOR DIREITA FLATSCAN \ AA_0438_04 | C21: 0 | D21: 0 | E21: 0 | F21: 0 | G21: 3 | H21: =IFERROR(VLOOKUP(A21,[1]FALTANTES!$A:$AB,28,FALSE),"-") -> 0 | I21: =IFERROR(VLOOKUP(A21,[1]FALTANTES!$A:$AC,29,FALSE),"-") -> 0 | J21: =IFERROR(VLOOKUP(A21,[1]FALTANTES!$A:$AD,30,FALSE),"-") -> -3 | K21: 0 | L21: =SUM(M21:AS21) -> 3 | M21: =SUMIFS(METALFISA!$E:$E,METALFISA!$A:$A,'Faltantes Fevereiro- Metalfisa'!M$3,METALFISA!$B:$B,'Faltantes Fevereiro- Metalfisa'!$A21) -> 0 | N21: =SUMIFS(METALFISA!$E:$E,METALFISA!$A:$A,'Faltantes Fevereiro- Metalfisa'!N$3,METALFISA!$B:$B,'Faltantes Fevereiro- Metalfisa'!$A21) -> 0 | O21: =SUMIFS(METALFISA!$E:$E,METALFISA!$A:$A,'Faltantes Fevereiro- Metalfisa'!O$3,METALFISA!$B:$B,'Faltantes Fevereiro- Metalfisa'!$A21) -> 0 | P21: =SUMIFS(METALFISA!$E:$E,METALFISA!$A:$A,'Faltantes Fevereiro- Metalfisa'!P$3,METALFISA!$B:$B,'Faltantes Fevereiro- Metalfisa'!$A21) -> 0 | Q21: =SUMIFS(METALFISA!$E:$E,METALFISA!$A:$A,'Faltantes Fevereiro- Metalfisa'!Q$3,METALFISA!$B:$B,'Faltantes Fevereiro- Metalfisa'!$A21) -> 0 | R21: =SUMIFS(METALFISA!$E:$E,METALFISA!$A:$A,'Faltantes Fevereiro- Metalfisa'!R$3,METALFISA!$B:$B,'Faltantes Fevereiro- Metalfisa'!$A21) -> 0 | S21: =SUMIFS(METALFISA!$E:$E,METALFISA!$A:$A,'Faltantes Fevereiro- Metalfisa'!S$3,METALFISA!$B:$B,'Faltantes Fevereiro- Metalfisa'!$A21) -> 0 | T21: =SUMIFS(METALFISA!$E:$E,METALFISA!$A:$A,'Faltantes Fevereiro- Metalfisa'!T$3,METALFISA!$B:$B,'Faltantes Fevereiro- Metalfisa'!$A21) -> 0 | ... AP21: =SUMIFS(METALFISA!$E:$E,METALFISA!$A:$A,'Faltantes Fevereiro- Metalfisa'!AP$3,METALFISA!$B:$B,'Faltantes Fevereiro- Metalfisa'!$A21) -> 0 | AR21: =SUMIFS(METALFISA!$E:$E,METALFISA!$A:$A,'Faltantes Fevereiro- Metalfisa'!AR$3,METALFISA!$B:$B,'Faltantes Fevereiro- Metalfisa'!$A21) -> 0 | AS21: =SUMIFS(METALFISA!$E:$E,METALFISA!$A:$A,'Faltantes Fevereiro- Metalfisa'!AS$3,METALFISA!$B:$B,'Faltantes Fevereiro- Metalfisa'!$A21) -> 0 | AU21: 0 | AV21: 0 | AW21: 0 | AX21: 0 | AY21: 0 | AZ21: 0 | BA21: 0 | BB21: 0 | BC21: 0 | BD21: 0 | BE21: 0 | BF21: 0 | BG21: 0 | BH21: 0 | BI21: 0 | BJ21: 0 | BK21: 0 | BL21: 0 | BM21: 1 | BN21: 0 | BO21: 0 | BP21: 0 | BQ21: 0 | BR21: 0 | BS21: 0 | BT21: 0 | BU21: 0 | BV21: 0 | BW21: 0 | BX21: 0 | BY21: 0 | BZ21: 0 | CA21: 0 | CB21: 0 | CC21: 0 | CD21: 0 | CE21: 0 | CF21: 0 | CG21: 0 | CH21: 0 | CI21: 0 | CJ21: 0 | CK21: 0 | CL21: 0
A22: 13.03.00165 | B22: DMC-440 - CHASSI PROT. MESA ESQ. FLAT \ AA_0440_09 | C22: 0 | D22: 0 | E22: 0 | F22: 0 | G22: 3 | H22: =IFERROR(VLOOKUP(A22,[1]FALTANTES!$A:$AB,28,FALSE),"-") -> 0 | I22: =IFERROR(VLOOKUP(A22,[1]FALTANTES!$A:$AC,29,FALSE),"-") -> 0 | J22: =IFERROR(VLOOKUP(A22,[1]FALTANTES!$A:$AD,30,FALSE),"-") -> -3 | K22: 0 | L22: =SUM(M22:AS22) -> 3 | M22: =SUMIFS(METALFISA!$E:$E,METALFISA!$A:$A,'Faltantes Fevereiro- Metalfisa'!M$3,METALFISA!$B:$B,'Faltantes Fevereiro- Metalfisa'!$A22) -> 0 | N22: =SUMIFS(METALFISA!$E:$E,METALFISA!$A:$A,'Faltantes Fevereiro- Metalfisa'!N$3,METALFISA!$B:$B,'Faltantes Fevereiro- Metalfisa'!$A22) -> 0 | O22: =SUMIFS(METALFISA!$E:$E,METALFISA!$A:$A,'Faltantes Fevereiro- Metalfisa'!O$3,METALFISA!$B:$B,'Faltantes Fevereiro- Metalfisa'!$A22) -> 0 | P22: =SUMIFS(METALFISA!$E:$E,METALFISA!$A:$A,'Faltantes Fevereiro- Metalfisa'!P$3,METALFISA!$B:$B,'Faltantes Fevereiro- Metalfisa'!$A22) -> 0 | Q22: =SUMIFS(METALFISA!$E:$E,METALFISA!$A:$A,'Faltantes Fevereiro- Metalfisa'!Q$3,METALFISA!$B:$B,'Faltantes Fevereiro- Metalfisa'!$A22) -> 0 | R22: =SUMIFS(METALFISA!$E:$E,METALFISA!$A:$A,'Faltantes Fevereiro- Metalfisa'!R$3,METALFISA!$B:$B,'Faltantes Fevereiro- Metalfisa'!$A22) -> 0 | S22: =SUMIFS(METALFISA!$E:$E,METALFISA!$A:$A,'Faltantes Fevereiro- Metalfisa'!S$3,METALFISA!$B:$B,'Faltantes Fevereiro- Metalfisa'!$A22) -> 0 | T22: =SUMIFS(METALFISA!$E:$E,METALFISA!$A:$A,'Faltantes Fevereiro- Metalfisa'!T$3,METALFISA!$B:$B,'Faltantes Fevereiro- Metalfisa'!$A22) -> 0 | ... AP22: =SUMIFS(METALFISA!$E:$E,METALFISA!$A:$A,'Faltantes Fevereiro- Metalfisa'!AP$3,METALFISA!$B:$B,'Faltantes Fevereiro- Metalfisa'!$A22) -> 0 | AR22: =SUMIFS(METALFISA!$E:$E,METALFISA!$A:$A,'Faltantes Fevereiro- Metalfisa'!AR$3,METALFISA!$B:$B,'Faltantes Fevereiro- Metalfisa'!$A22) -> 0 | AS22: =SUMIFS(METALFISA!$E:$E,METALFISA!$A:$A,'Faltantes Fevereiro- Metalfisa'!AS$3,METALFISA!$B:$B,'Faltantes Fevereiro- Metalfisa'!$A22) -> 0 | AU22: 0 | AV22: 0 | AW22: 0 | AX22: 0 | AY22: 0 | AZ22: 0 | BA22: 0 | BB22: 0 | BC22: 0 | BD22: 0 | BE22: 0 | BF22: 0 | BG22: 0 | BH22: 0 | BI22: 0 | BJ22: 0 | BK22: 0 | BL22: 0 | BM22: 1 | BN22: 0 | BO22: 0 | BP22: 0 | BQ22: 0 | BR22: 0 | BS22: 0 | BT22: 0 | BU22: 0 | BV22: 0 | BW22: 0 | BX22: 0 | BY22: 0 | BZ22: 0 | CA22: 0 | CB22: 0 | CC22: 0 | CD22: 0 | CE22: 0 | CF22: 0 | CG22: 0 | CH22: 0 | CI22: 0 | CJ22: 0 | CK22: 0 | CL22: 0
A23: 13.03.00166 | B23: DMC-441 - BANDEJA MESA ESQ. FLATSCAN \ AA_0441_07 | C23: 0 | D23: 0 | E23: 0 | F23: 0 | G23: 3 | H23: =IFERROR(VLOOKUP(A23,[1]FALTANTES!$A:$AB,28,FALSE),"-") -> 0 | I23: =IFERROR(VLOOKUP(A23,[1]FALTANTES!$A:$AC,29,FALSE),"-") -> 0 | J23: =IFERROR(VLOOKUP(A23,[1]FALTANTES!$A:$AD,30,FALSE),"-") -> -3 | K23: 0 | L23: =SUM(M23:AS23) -> 3 | M23: =SUMIFS(METALFISA!$E:$E,METALFISA!$A:$A,'Faltantes Fevereiro- Metalfisa'!M$3,METALFISA!$B:$B,'Faltantes Fevereiro- Metalfisa'!$A23) -> 0 | N23: =SUMIFS(METALFISA!$E:$E,METALFISA!$A:$A,'Faltantes Fevereiro- Metalfisa'!N$3,METALFISA!$B:$B,'Faltantes Fevereiro- Metalfisa'!$A23) -> 0 | O23: =SUMIFS(METALFISA!$E:$E,METALFISA!$A:$A,'Faltantes Fevereiro- Metalfisa'!O$3,METALFISA!$B:$B,'Faltantes Fevereiro- Metalfisa'!$A23) -> 0 | P23: =SUMIFS(METALFISA!$E:$E,METALFISA!$A:$A,'Faltantes Fevereiro- Metalfisa'!P$3,METALFISA!$B:$B,'Faltantes Fevereiro- Metalfisa'!$A23) -> 0 | Q23: =SUMIFS(METALFISA!$E:$E,METALFISA!$A:$A,'Faltantes Fevereiro- Metalfisa'!Q$3,METALFISA!$B:$B,'Faltantes Fevereiro- Metalfisa'!$A23) -> 0 | R23: =SUMIFS(METALFISA!$E:$E,METALFISA!$A:$A,'Faltantes Fevereiro- Metalfisa'!R$3,METALFISA!$B:$B,'Faltantes Fevereiro- Metalfisa'!$A23) -> 0 | S23: =SUMIFS(METALFISA!$E:$E,METALFISA!$A:$A,'Faltantes Fevereiro- Metalfisa'!S$3,METALFISA!$B:$B,'Faltantes Fevereiro- Metalfisa'!$A23) -> 0 | T23: =SUMIFS(METALFISA!$E:$E,METALFISA!$A:$A,'Faltantes Fevereiro- Metalfisa'!T$3,METALFISA!$B:$B,'Faltantes Fevereiro- Metalfisa'!$A23) -> 0 | ... AP23: =SUMIFS(METALFISA!$E:$E,METALFISA!$A:$A,'Faltantes Fevereiro- Metalfisa'!AP$3,METALFISA!$B:$B,'Faltantes Fevereiro- Metalfisa'!$A23) -> 0 | AR23: =SUMIFS(METALFISA!$E:$E,METALFISA!$A:$A,'Faltantes Fevereiro- Metalfisa'!AR$3,METALFISA!$B:$B,'Faltantes Fevereiro- Metalfisa'!$A23) -> 0 | AS23: =SUMIFS(METALFISA!$E:$E,METALFISA!$A:$A,'Faltantes Fevereiro- Metalfisa'!AS$3,METALFISA!$B:$B,'Faltantes Fevereiro- Metalfisa'!$A23) -> 0 | AU23: 0 | AV23: 0 | AW23: 0 | AX23: 0 | AY23: 0 | AZ23: 0 | BA23: 0 | BB23: 0 | BC23: 0 | BD23: 0 | BE23: 0 | BF23: 0 | BG23: 0 | BH23: 0 | BI23: 0 | BJ23: 0 | BK23: 0 | BL23: 0 | BM23: 1 | BN23: 0 | BO23: 0 | BP23: 0 | BQ23: 0 | BR23: 0 | BS23: 0 | BT23: 0 | BU23: 0 | BV23: 0 | BW23: 0 | BX23: 0 | BY23: 0 | BZ23: 0 | CA23: 0 | CB23: 0 | CC23: 0 | CD23: 0 | CE23: 0 | CF23: 0 | CG23: 0 | CH23: 0 | CI23: 0 | CJ23: 0 | CK23: 0 | CL23: 0
A24: 13.03.00167 | B24: APOIO MESA ROLETES FLATSCAN / AA_0444_02 | C24: 0 | D24: 0 | E24: 0 | F24: 0 | G24: 8 | H24: =IFERROR(VLOOKUP(A24,[1]FALTANTES!$A:$AB,28,FALSE),"-") -> 0 | I24: =IFERROR(VLOOKUP(A24,[1]FALTANTES!$A:$AC,29,FALSE),"-") -> 0 | J24: =IFERROR(VLOOKUP(A24,[1]FALTANTES!$A:$AD,30,FALSE),"-") -> -8 | K24: 0 | L24: =SUM(M24:AS24) -> 8 | M24: =SUMIFS(METALFISA!$E:$E,METALFISA!$A:$A,'Faltantes Fevereiro- Metalfisa'!M$3,METALFISA!$B:$B,'Faltantes Fevereiro- Metalfisa'!$A24) -> 0 | N24: =SUMIFS(METALFISA!$E:$E,METALFISA!$A:$A,'Faltantes Fevereiro- Metalfisa'!N$3,METALFISA!$B:$B,'Faltantes Fevereiro- Metalfisa'!$A24) -> 0 | O24: =SUMIFS(METALFISA!$E:$E,METALFISA!$A:$A,'Faltantes Fevereiro- Metalfisa'!O$3,METALFISA!$B:$B,'Faltantes Fevereiro- Metalfisa'!$A24) -> 0 | P24: =SUMIFS(METALFISA!$E:$E,METALFISA!$A:$A,'Faltantes Fevereiro- Metalfisa'!P$3,METALFISA!$B:$B,'Faltantes Fevereiro- Metalfisa'!$A24) -> 0 | Q24: =SUMIFS(METALFISA!$E:$E,METALFISA!$A:$A,'Faltantes Fevereiro- Metalfisa'!Q$3,METALFISA!$B:$B,'Faltantes Fevereiro- Metalfisa'!$A24) -> 0 | R24: =SUMIFS(METALFISA!$E:$E,METALFISA!$A:$A,'Faltantes Fevereiro- Metalfisa'!R$3,METALFISA!$B:$B,'Faltantes Fevereiro- Metalfisa'!$A24) -> 0 | S24: =SUMIFS(METALFISA!$E:$E,METALFISA!$A:$A,'Faltantes Fevereiro- Metalfisa'!S$3,METALFISA!$B:$B,'Faltantes Fevereiro- Metalfisa'!$A24) -> 0 | T24: =SUMIFS(METALFISA!$E:$E,METALFISA!$A:$A,'Faltantes Fevereiro- Metalfisa'!T$3,METALFISA!$B:$B,'Faltantes Fevereiro- Metalfisa'!$A24) -> 0 | ... AP24: =SUMIFS(METALFISA!$E:$E,METALFISA!$A:$A,'Faltantes Fevereiro- Metalfisa'!AP$3,METALFISA!$B:$B,'Faltantes Fevereiro- Metalfisa'!$A24) -> 0 | AR24: =SUMIFS(METALFISA!$E:$E,METALFISA!$A:$A,'Faltantes Fevereiro- Metalfisa'!AR$3,METALFISA!$B:$B,'Faltantes Fevereiro- Metalfisa'!$A24) -> 0 | AS24: =SUMIFS(METALFISA!$E:$E,METALFISA!$A:$A,'Faltantes Fevereiro- Metalfisa'!AS$3,METALFISA!$B:$B,'Faltantes Fevereiro- Metalfisa'!$A24) -> 0 | AU24: 0 | AV24: 0 | AW24: 0 | AX24: 0 | AY24: 0 | AZ24: 0 | BA24: 0 | BB24: 0 | BC24: 0 | BD24: 0 | BE24: 0 | BF24: 0 | BG24: 0 | BH24: 0 | BI24: 0 | BJ24: 0 | BK24: 0 | BL24: 0 | BM24: 4 | BN24: 0 | BO24: 0 | BP24: 0 | BQ24: 0 | BR24: 0 | BS24: 0 | BT24: 0 | BU24: 0 | BV24: 0 | BW24: 0 | BX24: 0 | BY24: 0 | BZ24: 0 | CA24: 0 | CB24: 0 | CC24: 0 | CD24: 0 | CE24: 0 | CF24: 0 | CG24: 0 | CH24: 0 | CI24: 0 | CJ24: 0 | CK24: 0 | CL24: 0
... A110: 21.23.02248 | B110: SUPORTE VIDRO BODYSCAN \ AA_7251_00 | C110: 0 | D110: 0 | E110: 0 | F110: 0 | G110: 7 | H110: =IFERROR(VLOOKUP(A110,[1]FALTANTES!$A:$AB,28,FALSE),"-") -> 0 | I110: =IFERROR(VLOOKUP(A110,[1]FALTANTES!$A:$AC,29,FALSE),"-") -> 0 | J110: =IFERROR(VLOOKUP(A110,[1]FALTANTES!$A:$AD,30,FALSE),"-") -> -7 | K110: 0 | L110: =SUM(M110:AS110) -> 3 | M110: =SUMIFS(METALFISA!$E:$E,METALFISA!$A:$A,'Faltantes Fevereiro- Metalfisa'!M$3,METALFISA!$B:$B,'Faltantes Fevereiro- Metalfisa'!$A110) -> 0 | N110: =SUMIFS(METALFISA!$E:$E,METALFISA!$A:$A,'Faltantes Fevereiro- Metalfisa'!N$3,METALFISA!$B:$B,'Faltantes Fevereiro- Metalfisa'!$A110) -> 0 | O110: =SUMIFS(METALFISA!$E:$E,METALFISA!$A:$A,'Faltantes Fevereiro- Metalfisa'!O$3,METALFISA!$B:$B,'Faltantes Fevereiro- Metalfisa'!$A110) -> 0 | P110: =SUMIFS(METALFISA!$E:$E,METALFISA!$A:$A,'Faltantes Fevereiro- Metalfisa'!P$3,METALFISA!$B:$B,'Faltantes Fevereiro- Metalfisa'!$A110) -> 0 | Q110: =SUMIFS(METALFISA!$E:$E,METALFISA!$A:$A,'Faltantes Fevereiro- Metalfisa'!Q$3,METALFISA!$B:$B,'Faltantes Fevereiro- Metalfisa'!$A110) -> 0 | R110: =SUMIFS(METALFISA!$E:$E,METALFISA!$A:$A,'Faltantes Fevereiro- Metalfisa'!R$3,METALFISA!$B:$B,'Faltantes Fevereiro- Metalfisa'!$A110) -> 0 | S110: =SUMIFS(METALFISA!$E:$E,METALFISA!$A:$A,'Faltantes Fevereiro- Metalfisa'!S$3,METALFISA!$B:$B,'Faltantes Fevereiro- Metalfisa'!$A110) -> 0 | T110: =SUMIFS(METALFISA!$E:$E,METALFISA!$A:$A,'Faltantes Fevereiro- Metalfisa'!T$3,METALFISA!$B:$B,'Faltantes Fevereiro- Metalfisa'!$A110) -> 0 | ... AP110: =SUMIFS(METALFISA!$E:$E,METALFISA!$A:$A,'Faltantes Fevereiro- Metalfisa'!AP$3,METALFISA!$B:$B,'Faltantes Fevereiro- Metalfisa'!$A110) -> 0 | AR110: =SUMIFS(METALFISA!$E:$E,METALFISA!$A:$A,'Faltantes Fevereiro- Metalfisa'!AR$3,METALFISA!$B:$B,'Faltantes Fevereiro- Metalfisa'!$A110) -> 0 | AS110: =SUMIFS(METALFISA!$E:$E,METALFISA!$A:$A,'Faltantes Fevereiro- Metalfisa'!AS$3,METALFISA!$B:$B,'Faltantes Fevereiro- Metalfisa'!$A110) -> 0 | AU110: 0 | AV110: 0 | AW110: 0 | AX110: 0 | AY110: 4 | AZ110: 4 | BA110: 0 | BB110: 0 | BC110: 0 | BD110: 0 | BE110: 0 | BF110: 0 | BG110: 0 | BH110: 0 | BI110: 0 | BJ110: 0 | BK110: 0 | BL110: 0 | BM110: 0 | BN110: 0 | BO110: 0 | BP110: 0 | BQ110: 0 | BR110: 0 | BS110: 0 | BT110: 0 | BU110: 0 | BV110: 0 | BW110: 0 | BX110: 0 | BY110: 0 | BZ110: 0 | CA110: 0 | CB110: 0 | CC110: 0 | CD110: 0 | CE110: 0 | CF110: 0 | CG110: 0 | CH110: 0 | CI110: 0 | CJ110: 0 | CK110: 0 | CL110: 0
A111: 21.23.02254 | B111: ACABAMENTO DO FUNDO BODYSCAN \ AA_7257_01 | C111: 6 | D111: 0 | E111: 0 | F111: 0 | G111: 29 | H111: =IFERROR(VLOOKUP(A111,[1]FALTANTES!$A:$AB,28,FALSE),"-") -> 0 | I111: =IFERROR(VLOOKUP(A111,[1]FALTANTES!$A:$AC,29,FALSE),"-") -> 34 | J111: =IFERROR(VLOOKUP(A111,[1]FALTANTES!$A:$AD,30,FALSE),"-") -> -1 | K111: ENTREGUE 18 PEÇAS NOS DANFES 41761 & 41762 EM 09/02-METALFISA | L111: =SUM(M111:AS111) -> 1 | M111: =SUMIFS(METALFISA!$E:$E,METALFISA!$A:$A,'Faltantes Fevereiro- Metalfisa'!M$3,METALFISA!$B:$B,'Faltantes Fevereiro- Metalfisa'!$A111) -> 0 | N111: =SUMIFS(METALFISA!$E:$E,METALFISA!$A:$A,'Faltantes Fevereiro- Metalfisa'!N$3,METALFISA!$B:$B,'Faltantes Fevereiro- Metalfisa'!$A111) -> 0 | O111: =SUMIFS(METALFISA!$E:$E,METALFISA!$A:$A,'Faltantes Fevereiro- Metalfisa'!O$3,METALFISA!$B:$B,'Faltantes Fevereiro- Metalfisa'!$A111) -> 0 | P111: =SUMIFS(METALFISA!$E:$E,METALFISA!$A:$A,'Faltantes Fevereiro- Metalfisa'!P$3,METALFISA!$B:$B,'Faltantes Fevereiro- Metalfisa'!$A111) -> 0 | Q111: =SUMIFS(METALFISA!$E:$E,METALFISA!$A:$A,'Faltantes Fevereiro- Metalfisa'!Q$3,METALFISA!$B:$B,'Faltantes Fevereiro- Metalfisa'!$A111) -> 0 | R111: =SUMIFS(METALFISA!$E:$E,METALFISA!$A:$A,'Faltantes Fevereiro- Metalfisa'!R$3,METALFISA!$B:$B,'Faltantes Fevereiro- Metalfisa'!$A111) -> 0 | S111: =SUMIFS(METALFISA!$E:$E,METALFISA!$A:$A,'Faltantes Fevereiro- Metalfisa'!S$3,METALFISA!$B:$B,'Faltantes Fevereiro- Metalfisa'!$A111) -> 0 | T111: =SUMIFS(METALFISA!$E:$E,METALFISA!$A:$A,'Faltantes Fevereiro- Metalfisa'!T$3,METALFISA!$B:$B,'Faltantes Fevereiro- Metalfisa'!$A111) -> 0 | ... AP111: =SUMIFS(METALFISA!$E:$E,METALFISA!$A:$A,'Faltantes Fevereiro- Metalfisa'!AP$3,METALFISA!$B:$B,'Faltantes Fevereiro- Metalfisa'!$A111) -> 0 | AR111: =SUMIFS(METALFISA!$E:$E,METALFISA!$A:$A,'Faltantes Fevereiro- Metalfisa'!AR$3,METALFISA!$B:$B,'Faltantes Fevereiro- Metalfisa'!$A111) -> 0 | AS111: =SUMIFS(METALFISA!$E:$E,METALFISA!$A:$A,'Faltantes Fevereiro- Metalfisa'!AS$3,METALFISA!$B:$B,'Faltantes Fevereiro- Metalfisa'!$A111) -> 0 | AU111: 0 | AV111: 0 | AW111: 0 | AX111: 0 | AY111: 1 | AZ111: 1 | BA111: 0 | BB111: 0 | BC111: 0 | BD111: 0 | BE111: 0 | BF111: 0 | BG111: 0 | BH111: 0 | BI111: 0 | BJ111: 0 | BK111: 0 | BL111: 0 | BM111: 0 | BN111: 0 | BO111: 0 | BP111: 0 | BQ111: 0 | BR111: 0 | BS111: 0 | BT111: 0 | BU111: 0 | BV111: 0 | BW111: 0 | BX111: 0 | BY111: 0 | BZ111: 0 | CA111: 0 | CB111: 0 | CC111: 0 | CD111: 0 | CE111: 0 | CF111: 0 | CG111: 0 | CH111: 0 | CI111: 0 | CJ111: 0 | CK111: 0 | CL111: 0
A112: 21.23.02267 | B112: APOIO DA SOLENOIDE / AA_9998_06 | C112: 0 | D112: 0 | E112: 0 | F112: 0 | G112: 2 | H112: =IFERROR(VLOOKUP(A112,[1]FALTANTES!$A:$AB,28,FALSE),"-") -> 0 | I112: =IFERROR(VLOOKUP(A112,[1]FALTANTES!$A:$AC,29,FALSE),"-") -> 1 | J112: =IFERROR(VLOOKUP(A112,[1]FALTANTES!$A:$AD,30,FALSE),"-") -> -1 | K112: 0 | L112: =SUM(M112:AS112) -> 3 | M112: =SUMIFS(METALFISA!$E:$E,METALFISA!$A:$A,'Faltantes Fevereiro- Metalfisa'!M$3,METALFISA!$B:$B,'Faltantes Fevereiro- Metalfisa'!$A112) -> 0 | N112: =SUMIFS(METALFISA!$E:$E,METALFISA!$A:$A,'Faltantes Fevereiro- Metalfisa'!N$3,METALFISA!$B:$B,'Faltantes Fevereiro- Metalfisa'!$A112) -> 0 | O112: =SUMIFS(METALFISA!$E:$E,METALFISA!$A:$A,'Faltantes Fevereiro- Metalfisa'!O$3,METALFISA!$B:$B,'Faltantes Fevereiro- Metalfisa'!$A112) -> 0 | P112: =SUMIFS(METALFISA!$E:$E,METALFISA!$A:$A,'Faltantes Fevereiro- Metalfisa'!P$3,METALFISA!$B:$B,'Faltantes Fevereiro- Metalfisa'!$A112) -> 0 | Q112: =SUMIFS(METALFISA!$E:$E,METALFISA!$A:$A,'Faltantes Fevereiro- Metalfisa'!Q$3,METALFISA!$B:$B,'Faltantes Fevereiro- Metalfisa'!$A112) -> 0 | R112: =SUMIFS(METALFISA!$E:$E,METALFISA!$A:$A,'Faltantes Fevereiro- Metalfisa'!R$3,METALFISA!$B:$B,'Faltantes Fevereiro- Metalfisa'!$A112) -> 0 | S112: =SUMIFS(METALFISA!$E:$E,METALFISA!$A:$A,'Faltantes Fevereiro- Metalfisa'!S$3,METALFISA!$B:$B,'Faltantes Fevereiro- Metalfisa'!$A112) -> 0 | T112: =SUMIFS(METALFISA!$E:$E,METALFISA!$A:$A,'Faltantes Fevereiro- Metalfisa'!T$3,METALFISA!$B:$B,'Faltantes Fevereiro- Metalfisa'!$A112) -> 0 | ... AP112: =SUMIFS(METALFISA!$E:$E,METALFISA!$A:$A,'Faltantes Fevereiro- Metalfisa'!AP$3,METALFISA!$B:$B,'Faltantes Fevereiro- Metalfisa'!$A112) -> 0 | AR112: =SUMIFS(METALFISA!$E:$E,METALFISA!$A:$A,'Faltantes Fevereiro- Metalfisa'!AR$3,METALFISA!$B:$B,'Faltantes Fevereiro- Metalfisa'!$A112) -> 0 | AS112: =SUMIFS(METALFISA!$E:$E,METALFISA!$A:$A,'Faltantes Fevereiro- Metalfisa'!AS$3,METALFISA!$B:$B,'Faltantes Fevereiro- Metalfisa'!$A112) -> 0 | AU112: 0 | AV112: 0 | AW112: 0 | AX112: 0 | AY112: 0 | AZ112: 1 | BA112: 0 | BB112: 0 | BC112: 0 | BD112: 0 | BE112: 0 | BF112: 0 | BG112: 0 | BH112: 0 | BI112: 0 | BJ112: 0 | BK112: 0 | BL112: 0 | BM112: 0 | BN112: 0 | BO112: 0 | BP112: 0 | BQ112: 0 | BR112: 0 | BS112: 0 | BT112: 0 | BU112: 0 | BV112: 0 | BW112: 0 | BX112: 0 | BY112: 0 | BZ112: 0 | CA112: 0 | CB112: 0 | CC112: 0 | CD112: 0 | CE112: 0 | CF112: 0 | CG112: 0 | CH112: 0 | CI112: 0 | CJ112: 0 | CK112: 0 | CL112: 0
A113: 21.23.02270 | B113: FECHAMENTO LATERAL DO OBTURADOR DO CORPO INTEIRO \ AA_9507_00 | C113: 0 | D113: 0 | E113: 0 | F113: 0 | G113: 24 | H113: =IFERROR(VLOOKUP(A113,[1]FALTANTES!$A:$AB,28,FALSE),"-") -> 0 | I113: =IFERROR(VLOOKUP(A113,[1]FALTANTES!$A:$AC,29,FALSE),"-") -> 0 | J113: =IFERROR(VLOOKUP(A113,[1]FALTANTES!$A:$AD,30,FALSE),"-") -> -24 | K113: 0 | L113: =SUM(M113:AS113) -> 33 | M113: =SUMIFS(METALFISA!$E:$E,METALFISA!$A:$A,'Faltantes Fevereiro- Metalfisa'!M$3,METALFISA!$B:$B,'Faltantes Fevereiro- Metalfisa'!$A113) -> 0 | N113: =SUMIFS(METALFISA!$E:$E,METALFISA!$A:$A,'Faltantes Fevereiro- Metalfisa'!N$3,METALFISA!$B:$B,'Faltantes Fevereiro- Metalfisa'!$A113) -> 0 | O113: =SUMIFS(METALFISA!$E:$E,METALFISA!$A:$A,'Faltantes Fevereiro- Metalfisa'!O$3,METALFISA!$B:$B,'Faltantes Fevereiro- Metalfisa'!$A113) -> 0 | P113: =SUMIFS(METALFISA!$E:$E,METALFISA!$A:$A,'Faltantes Fevereiro- Metalfisa'!P$3,METALFISA!$B:$B,'Faltantes Fevereiro- Metalfisa'!$A113) -> 0 | Q113: =SUMIFS(METALFISA!$E:$E,METALFISA!$A:$A,'Faltantes Fevereiro- Metalfisa'!Q$3,METALFISA!$B:$B,'Faltantes Fevereiro- Metalfisa'!$A113) -> 0 | R113: =SUMIFS(METALFISA!$E:$E,METALFISA!$A:$A,'Faltantes Fevereiro- Metalfisa'!R$3,METALFISA!$B:$B,'Faltantes Fevereiro- Metalfisa'!$A113) -> 0 | S113: =SUMIFS(METALFISA!$E:$E,METALFISA!$A:$A,'Faltantes Fevereiro- Metalfisa'!S$3,METALFISA!$B:$B,'Faltantes Fevereiro- Metalfisa'!$A113) -> 0 | T113: =SUMIFS(METALFISA!$E:$E,METALFISA!$A:$A,'Faltantes Fevereiro- Metalfisa'!T$3,METALFISA!$B:$B,'Faltantes Fevereiro- Metalfisa'!$A113) -> 0 | ... AP113: =SUMIFS(METALFISA!$E:$E,METALFISA!$A:$A,'Faltantes Fevereiro- Metalfisa'!AP$3,METALFISA!$B:$B,'Faltantes Fevereiro- Metalfisa'!$A113) -> 0 | AR113: =SUMIFS(METALFISA!$E:$E,METALFISA!$A:$A,'Faltantes Fevereiro- Metalfisa'!AR$3,METALFISA!$B:$B,'Faltantes Fevereiro- Metalfisa'!$A113) -> 0 | AS113: =SUMIFS(METALFISA!$E:$E,METALFISA!$A:$A,'Faltantes Fevereiro- Metalfisa'!AS$3,METALFISA!$B:$B,'Faltantes Fevereiro- Metalfisa'!$A113) -> 0 | AU113: 0 | AV113: 0 | AW113: 0 | AX113: 0 | AY113: 1 | AZ113: 1 | BA113: 0 | BB113: 0 | BC113: 0 | BD113: 0 | BE113: 0 | BF113: 0 | BG113: 0 | BH113: 0 | BI113: 0 | BJ113: 0 | BK113: 0 | BL113: 0 | BM113: 0 | BN113: 0 | BO113: 0 | BP113: 0 | BQ113: 0 | BR113: 0 | BS113: 0 | BT113: 0 | BU113: 0 | BV113: 0 | BW113: 0 | BX113: 0 | BY113: 0 | BZ113: 0 | CA113: 0 | CB113: 0 | CC113: 0 | CD113: 0 | CE113: 0 | CF113: 0 | CG113: 0 | CH113: 0 | CI113: 0 | CJ113: 0 | CK113: 0 | CL113: 0
A114: 21.23.02272 | B114: CHAPA DE FECHAMENTO SUPERIOR DA SOLENOIDE DO CORPO INTEIRO \ AA_9509_00 | C114: 5 | D114: 0 | E114: 0 | F114: 0 | G114: 29 | H114: =IFERROR(VLOOKUP(A114,[1]FALTANTES!$A:$AB,28,FALSE),"-") -> 0 | I114: =IFERROR(VLOOKUP(A114,[1]FALTANTES!$A:$AC,29,FALSE),"-") -> 32 | J114: =IFERROR(VLOOKUP(A114,[1]FALTANTES!$A:$AD,30,FALSE),"-") -> -2 | K114: 0 | L114: =SUM(M114:AS114) -> 2 | M114: =SUMIFS(METALFISA!$E:$E,METALFISA!$A:$A,'Faltantes Fevereiro- Metalfisa'!M$3,METALFISA!$B:$B,'Faltantes Fevereiro- Metalfisa'!$A114) -> 0 | N114: =SUMIFS(METALFISA!$E:$E,METALFISA!$A:$A,'Faltantes Fevereiro- Metalfisa'!N$3,METALFISA!$B:$B,'Faltantes Fevereiro- Metalfisa'!$A114) -> 0 | O114: =SUMIFS(METALFISA!$E:$E,METALFISA!$A:$A,'Faltantes Fevereiro- Metalfisa'!O$3,METALFISA!$B:$B,'Faltantes Fevereiro- Metalfisa'!$A114) -> 0 | P114: =SUMIFS(METALFISA!$E:$E,METALFISA!$A:$A,'Faltantes Fevereiro- Metalfisa'!P$3,METALFISA!$B:$B,'Faltantes Fevereiro- Metalfisa'!$A114) -> 0 | Q114: =SUMIFS(METALFISA!$E:$E,METALFISA!$A:$A,'Faltantes Fevereiro- Metalfisa'!Q$3,METALFISA!$B:$B,'Faltantes Fevereiro- Metalfisa'!$A114) -> 0 | R114: =SUMIFS(METALFISA!$E:$E,METALFISA!$A:$A,'Faltantes Fevereiro- Metalfisa'!R$3,METALFISA!$B:$B,'Faltantes Fevereiro- Metalfisa'!$A114) -> 0 | S114: =SUMIFS(METALFISA!$E:$E,METALFISA!$A:$A,'Faltantes Fevereiro- Metalfisa'!S$3,METALFISA!$B:$B,'Faltantes Fevereiro- Metalfisa'!$A114) -> 0 | T114: =SUMIFS(METALFISA!$E:$E,METALFISA!$A:$A,'Faltantes Fevereiro- Metalfisa'!T$3,METALFISA!$B:$B,'Faltantes Fevereiro- Metalfisa'!$A114) -> 0 | ... AP114: =SUMIFS(METALFISA!$E:$E,METALFISA!$A:$A,'Faltantes Fevereiro- Metalfisa'!AP$3,METALFISA!$B:$B,'Faltantes Fevereiro- Metalfisa'!$A114) -> 0 | AR114: =SUMIFS(METALFISA!$E:$E,METALFISA!$A:$A,'Faltantes Fevereiro- Metalfisa'!AR$3,METALFISA!$B:$B,'Faltantes Fevereiro- Metalfisa'!$A114) -> 0 | AS114: =SUMIFS(METALFISA!$E:$E,METALFISA!$A:$A,'Faltantes Fevereiro- Metalfisa'!AS$3,METALFISA!$B:$B,'Faltantes Fevereiro- Metalfisa'!$A114) -> 0 | AU114: 0 | AV114: 0 | AW114: 0 | AX114: 0 | AY114: 1 | AZ114: 1 | BA114: 0 | BB114: 0 | BC114: 0 | BD114: 0 | BE114: 0 | BF114: 0 | BG114: 0 | BH114: 0 | BI114: 0 | BJ114: 0 | BK114: 0 | BL114: 0 | BM114: 0 | BN114: 0 | BO114: 0 | BP114: 0 | BQ114: 0 | BR114: 0 | BS114: 0 | BT114: 0 | BU114: 0 | BV114: 0 | BW114: 0 | BX114: 0 | BY114: 0 | BZ114: 0 | CA114: 0 | CB114: 0 | CC114: 0 | CD114: 0 | CE114: 0 | CF114: 0 | CG114: 0 | CH114: 0 | CI114: 0 | CJ114: 0 | CK114: 0 | CL114: 0
A115: 21.23.02274 | B115: ACABAMENTO LATERAL SUPERIOR CENTRAL ENTRADA \ AA_9510_00 | C115: 8 | D115: 0 | E115: 0 | F115: 0 | G115: 58 | H115: =IFERROR(VLOOKUP(A115,[1]FALTANTES!$A:$AB,28,FALSE),"-") -> 8 | I115: =IFERROR(VLOOKUP(A115,[1]FALTANTES!$A:$AC,29,FALSE),"-") -> 0 | J115: =IFERROR(VLOOKUP(A115,[1]FALTANTES!$A:$AD,30,FALSE),"-") -> -66 | K115: 0 | L115: =SUM(M115:AS115) -> 66 | M115: =SUMIFS(METALFISA!$E:$E,METALFISA!$A:$A,'Faltantes Fevereiro- Metalfisa'!M$3,METALFISA!$B:$B,'Faltantes Fevereiro- Metalfisa'!$A115) -> 0 | N115: =SUMIFS(METALFISA!$E:$E,METALFISA!$A:$A,'Faltantes Fevereiro- Metalfisa'!N$3,METALFISA!$B:$B,'Faltantes Fevereiro- Metalfisa'!$A115) -> 0 | O115: =SUMIFS(METALFISA!$E:$E,METALFISA!$A:$A,'Faltantes Fevereiro- Metalfisa'!O$3,METALFISA!$B:$B,'Faltantes Fevereiro- Metalfisa'!$A115) -> 0 | P115: =SUMIFS(METALFISA!$E:$E,METALFISA!$A:$A,'Faltantes Fevereiro- Metalfisa'!P$3,METALFISA!$B:$B,'Faltantes Fevereiro- Metalfisa'!$A115) -> 0 | Q115: =SUMIFS(METALFISA!$E:$E,METALFISA!$A:$A,'Faltantes Fevereiro- Metalfisa'!Q$3,METALFISA!$B:$B,'Faltantes Fevereiro- Metalfisa'!$A115) -> 0 | R115: =SUMIFS(METALFISA!$E:$E,METALFISA!$A:$A,'Faltantes Fevereiro- Metalfisa'!R$3,METALFISA!$B:$B,'Faltantes Fevereiro- Metalfisa'!$A115) -> 0 | S115: =SUMIFS(METALFISA!$E:$E,METALFISA!$A:$A,'Faltantes Fevereiro- Metalfisa'!S$3,METALFISA!$B:$B,'Faltantes Fevereiro- Metalfisa'!$A115) -> 0 | T115: =SUMIFS(METALFISA!$E:$E,METALFISA!$A:$A,'Faltantes Fevereiro- Metalfisa'!T$3,METALFISA!$B:$B,'Faltantes Fevereiro- Metalfisa'!$A115) -> 0 | ... AP115: =SUMIFS(METALFISA!$E:$E,METALFISA!$A:$A,'Faltantes Fevereiro- Metalfisa'!AP$3,METALFISA!$B:$B,'Faltantes Fevereiro- Metalfisa'!$A115) -> 0 | AR115: =SUMIFS(METALFISA!$E:$E,METALFISA!$A:$A,'Faltantes Fevereiro- Metalfisa'!AR$3,METALFISA!$B:$B,'Faltantes Fevereiro- Metalfisa'!$A115) -> 0 | AS115: =SUMIFS(METALFISA!$E:$E,METALFISA!$A:$A,'Faltantes Fevereiro- Metalfisa'!AS$3,METALFISA!$B:$B,'Faltantes Fevereiro- Metalfisa'!$A115) -> 0 | AU115: 0 | AV115: 0 | AW115: 0 | AX115: 0 | AY115: 2 | AZ115: 2 | BA115: 0 | BB115: 0 | BC115: 0 | BD115: 0 | BE115: 0 | BF115: 0 | BG115: 0 | BH115: 0 | BI115: 0 | BJ115: 0 | BK115: 0 | BL115: 0 | BM115: 0 | BN115: 0 | BO115: 0 | BP115: 0 | BQ115: 0 | BR115: 0 | BS115: 0 | BT115: 0 | BU115: 0 | BV115: 0 | BW115: 0 | BX115: 0 | BY115: 0 | BZ115: 0 | CA115: 0 | CB115: 0 | CC115: 0 | CD115: 0 | CE115: 0 | CF115: 0 | CG115: 0 | CH115: 0 | CI115: 0 | CJ115: 0 | CK115: 0 | CL115: 0
A116: 21.23.02276 | B116: MONTAGEM DO ACABAMENTO FRONTAL SUPERIOR \ AA_9512_00 | C116: 0 | D116: 0 | E116: 0 | F116: 0 | G116: 7 | H116: =IFERROR(VLOOKUP(A116,[1]FALTANTES!$A:$AB,28,FALSE),"-") -> 0 | I116: =IFERROR(VLOOKUP(A116,[1]FALTANTES!$A:$AC,29,FALSE),"-") -> 0 | J116: =IFERROR(VLOOKUP(A116,[1]FALTANTES!$A:$AD,30,FALSE),"-") -> -7 | K116: 0 | L116: =SUM(M116:AS116) -> 7 | M116: =SUMIFS(METALFISA!$E:$E,METALFISA!$A:$A,'Faltantes Fevereiro- Metalfisa'!M$3,METALFISA!$B:$B,'Faltantes Fevereiro- Metalfisa'!$A116) -> 0 | N116: =SUMIFS(METALFISA!$E:$E,METALFISA!$A:$A,'Faltantes Fevereiro- Metalfisa'!N$3,METALFISA!$B:$B,'Faltantes Fevereiro- Metalfisa'!$A116) -> 0 | O116: =SUMIFS(METALFISA!$E:$E,METALFISA!$A:$A,'Faltantes Fevereiro- Metalfisa'!O$3,METALFISA!$B:$B,'Faltantes Fevereiro- Metalfisa'!$A116) -> 0 | P116: =SUMIFS(METALFISA!$E:$E,METALFISA!$A:$A,'Faltantes Fevereiro- Metalfisa'!P$3,METALFISA!$B:$B,'Faltantes Fevereiro- Metalfisa'!$A116) -> 0 | Q116: =SUMIFS(METALFISA!$E:$E,METALFISA!$A:$A,'Faltantes Fevereiro- Metalfisa'!Q$3,METALFISA!$B:$B,'Faltantes Fevereiro- Metalfisa'!$A116) -> 0 | R116: =SUMIFS(METALFISA!$E:$E,METALFISA!$A:$A,'Faltantes Fevereiro- Metalfisa'!R$3,METALFISA!$B:$B,'Faltantes Fevereiro- Metalfisa'!$A116) -> 0 | S116: =SUMIFS(METALFISA!$E:$E,METALFISA!$A:$A,'Faltantes Fevereiro- Metalfisa'!S$3,METALFISA!$B:$B,'Faltantes Fevereiro- Metalfisa'!$A116) -> 0 | T116: =SUMIFS(METALFISA!$E:$E,METALFISA!$A:$A,'Faltantes Fevereiro- Metalfisa'!T$3,METALFISA!$B:$B,'Faltantes Fevereiro- Metalfisa'!$A116) -> 0 | ... AP116: =SUMIFS(METALFISA!$E:$E,METALFISA!$A:$A,'Faltantes Fevereiro- Metalfisa'!AP$3,METALFISA!$B:$B,'Faltantes Fevereiro- Metalfisa'!$A116) -> 0 | AR116: =SUMIFS(METALFISA!$E:$E,METALFISA!$A:$A,'Faltantes Fevereiro- Metalfisa'!AR$3,METALFISA!$B:$B,'Faltantes Fevereiro- Metalfisa'!$A116) -> 0 | AS116: =SUMIFS(METALFISA!$E:$E,METALFISA!$A:$A,'Faltantes Fevereiro- Metalfisa'!AS$3,METALFISA!$B:$B,'Faltantes Fevereiro- Metalfisa'!$A116) -> 0 | AU116: 0 | AV116: 0 | AW116: 0 | AX116: 0 | AY116: 1 | AZ116: 1 | BA116: 0 | BB116: 0 | BC116: 0 | BD116: 0 | BE116: 0 | BF116: 0 | BG116: 0 | BH116: 0 | BI116: 0 | BJ116: 0 | BK116: 0 | BL116: 0 | BM116: 0 | BN116: 0 | BO116: 0 | BP116: 0 | BQ116: 0 | BR116: 0 | BS116: 0 | BT116: 0 | BU116: 0 | BV116: 0 | BW116: 0 | BX116: 0 | BY116: 0 | BZ116: 0 | CA116: 0 | CB116: 0 | CC116: 0 | CD116: 0 | CE116: 0 | CF116: 0 | CG116: 0 | CH116: 0 | CI116: 0 | CJ116: 0 | CK116: 0 | CL116: 0
A117: 21.23.02279 | B117: ACABAMENTO LATERAL \ AA_9514_00 | C117: 6 | D117: 0 | E117: 0 | F117: 0 | G117: 29 | H117: =IFERROR(VLOOKUP(A117,[1]FALTANTES!$A:$AB,28,FALSE),"-") -> 0 | I117: =IFERROR(VLOOKUP(A117,[1]FALTANTES!$A:$AC,29,FALSE),"-") -> 29 | J117: =IFERROR(VLOOKUP(A117,[1]FALTANTES!$A:$AD,30,FALSE),"-") -> -6 | K117: 0 | L117: =SUM(M117:AS117) -> 6 | M117: =SUMIFS(METALFISA!$E:$E,METALFISA!$A:$A,'Faltantes Fevereiro- Metalfisa'!M$3,METALFISA!$B:$B,'Faltantes Fevereiro- Metalfisa'!$A117) -> 0 | N117: =SUMIFS(METALFISA!$E:$E,METALFISA!$A:$A,'Faltantes Fevereiro- Metalfisa'!N$3,METALFISA!$B:$B,'Faltantes Fevereiro- Metalfisa'!$A117) -> 0 | O117: =SUMIFS(METALFISA!$E:$E,METALFISA!$A:$A,'Faltantes Fevereiro- Metalfisa'!O$3,METALFISA!$B:$B,'Faltantes Fevereiro- Metalfisa'!$A117) -> 0 | P117: =SUMIFS(METALFISA!$E:$E,METALFISA!$A:$A,'Faltantes Fevereiro- Metalfisa'!P$3,METALFISA!$B:$B,'Faltantes Fevereiro- Metalfisa'!$A117) -> 0 | Q117: =SUMIFS(METALFISA!$E:$E,METALFISA!$A:$A,'Faltantes Fevereiro- Metalfisa'!Q$3,METALFISA!$B:$B,'Faltantes Fevereiro- Metalfisa'!$A117) -> 0 | R117: =SUMIFS(METALFISA!$E:$E,METALFISA!$A:$A,'Faltantes Fevereiro- Metalfisa'!R$3,METALFISA!$B:$B,'Faltantes Fevereiro- Metalfisa'!$A117) -> 0 | S117: =SUMIFS(METALFISA!$E:$E,METALFISA!$A:$A,'Faltantes Fevereiro- Metalfisa'!S$3,METALFISA!$B:$B,'Faltantes Fevereiro- Metalfisa'!$A117) -> 0 | T117: =SUMIFS(METALFISA!$E:$E,METALFISA!$A:$A,'Faltantes Fevereiro- Metalfisa'!T$3,METALFISA!$B:$B,'Faltantes Fevereiro- Metalfisa'!$A117) -> 0 | ... AP117: =SUMIFS(METALFISA!$E:$E,METALFISA!$A:$A,'Faltantes Fevereiro- Metalfisa'!AP$3,METALFISA!$B:$B,'Faltantes Fevereiro- Metalfisa'!$A117) -> 0 | AR117: =SUMIFS(METALFISA!$E:$E,METALFISA!$A:$A,'Faltantes Fevereiro- Metalfisa'!AR$3,METALFISA!$B:$B,'Faltantes Fevereiro- Metalfisa'!$A117) -> 0 | AS117: =SUMIFS(METALFISA!$E:$E,METALFISA!$A:$A,'Faltantes Fevereiro- Metalfisa'!AS$3,METALFISA!$B:$B,'Faltantes Fevereiro- Metalfisa'!$A117) -> 0 | AU117: 0 | AV117: 0 | AW117: 0 | AX117: 0 | AY117: 1 | AZ117: 1 | BA117: 0 | BB117: 0 | BC117: 0 | BD117: 0 | BE117: 0 | BF117: 0 | BG117: 0 | BH117: 0 | BI117: 0 | BJ117: 0 | BK117: 0 | BL117: 0 | BM117: 0 | BN117: 0 | BO117: 0 | BP117: 0 | BQ117: 0 | BR117: 0 | BS117: 0 | BT117: 0 | BU117: 0 | BV117: 0 | BW117: 0 | BX117: 0 | BY117: 0 | BZ117: 0 | CA117: 0 | CB117: 0 | CC117: 0 | CD117: 0 | CE117: 0 | CF117: 0 | CG117: 0 | CH117: 0 | CI117: 0 | CJ117: 0 | CK117: 0 | CL117: 0
A118: 21.23.02280 | B118: FECHAMENTO DO TETO INTERIOR \ AA_9515_00 | C118: 5 | D118: 0 | E118: 0 | F118: 0 | G118: 29 | H118: =IFERROR(VLOOKUP(A118,[1]FALTANTES!$A:$AB,28,FALSE),"-") -> 0 | I118: =IFERROR(VLOOKUP(A118,[1]FALTANTES!$A:$AC,29,FALSE),"-") -> 33 | J118: =IFERROR(VLOOKUP(A118,[1]FALTANTES!$A:$AD,30,FALSE),"-") -> -1 | K118: 0 | L118: =SUM(M118:AS118) -> 1 | M118: =SUMIFS(METALFISA!$E:$E,METALFISA!$A:$A,'Faltantes Fevereiro- Metalfisa'!M$3,METALFISA!$B:$B,'Faltantes Fevereiro- Metalfisa'!$A118) -> 0 | N118: =SUMIFS(METALFISA!$E:$E,METALFISA!$A:$A,'Faltantes Fevereiro- Metalfisa'!N$3,METALFISA!$B:$B,'Faltantes Fevereiro- Metalfisa'!$A118) -> 0 | O118: =SUMIFS(METALFISA!$E:$E,METALFISA!$A:$A,'Faltantes Fevereiro- Metalfisa'!O$3,METALFISA!$B:$B,'Faltantes Fevereiro- Metalfisa'!$A118) -> 0 | P118: =SUMIFS(METALFISA!$E:$E,METALFISA!$A:$A,'Faltantes Fevereiro- Metalfisa'!P$3,METALFISA!$B:$B,'Faltantes Fevereiro- Metalfisa'!$A118) -> 0 | Q118: =SUMIFS(METALFISA!$E:$E,METALFISA!$A:$A,'Faltantes Fevereiro- Metalfisa'!Q$3,METALFISA!$B:$B,'Faltantes Fevereiro- Metalfisa'!$A118) -> 0 | R118: =SUMIFS(METALFISA!$E:$E,METALFISA!$A:$A,'Faltantes Fevereiro- Metalfisa'!R$3,METALFISA!$B:$B,'Faltantes Fevereiro- Metalfisa'!$A118) -> 0 | S118: =SUMIFS(METALFISA!$E:$E,METALFISA!$A:$A,'Faltantes Fevereiro- Metalfisa'!S$3,METALFISA!$B:$B,'Faltantes Fevereiro- Metalfisa'!$A118) -> 0 | T118: =SUMIFS(METALFISA!$E:$E,METALFISA!$A:$A,'Faltantes Fevereiro- Metalfisa'!T$3,METALFISA!$B:$B,'Faltantes Fevereiro- Metalfisa'!$A118) -> 0 | ... AP118: =SUMIFS(METALFISA!$E:$E,METALFISA!$A:$A,'Faltantes Fevereiro- Metalfisa'!AP$3,METALFISA!$B:$B,'Faltantes Fevereiro- Metalfisa'!$A118) -> 0 | AR118: =SUMIFS(METALFISA!$E:$E,METALFISA!$A:$A,'Faltantes Fevereiro- Metalfisa'!AR$3,METALFISA!$B:$B,'Faltantes Fevereiro- Metalfisa'!$A118) -> 0 | AS118: =SUMIFS(METALFISA!$E:$E,METALFISA!$A:$A,'Faltantes Fevereiro- Metalfisa'!AS$3,METALFISA!$B:$B,'Faltantes Fevereiro- Metalfisa'!$A118) -> 0 | AU118: 0 | AV118: 0 | AW118: 0 | AX118: 0 | AY118: 1 | AZ118: 1 | BA118: 0 | BB118: 0 | BC118: 0 | BD118: 0 | BE118: 0 | BF118: 0 | BG118: 0 | BH118: 0 | BI118: 0 | BJ118: 0 | BK118: 0 | BL118: 0 | BM118: 0 | BN118: 0 | BO118: 0 | BP118: 0 | BQ118: 0 | BR118: 0 | BS118: 0 | BT118: 0 | BU118: 0 | BV118: 0 | BW118: 0 | BX118: 0 | BY118: 0 | BZ118: 0 | CA118: 0 | CB118: 0 | CC118: 0 | CD118: 0 | CE118: 0 | CF118: 0 | CG118: 0 | CH118: 0 | CI118: 0 | CJ118: 0 | CK118: 0 | CL118: 0
A119: 21.23.02281 | B119: ACABAMENTO LATERAL 02 \ AA_9516_00 | C119: 0 | D119: 0 | E119: 0 | F119: 0 | G119: 3 | H119: =IFERROR(VLOOKUP(A119,[1]FALTANTES!$A:$AB,28,FALSE),"-") -> 0 | I119: =IFERROR(VLOOKUP(A119,[1]FALTANTES!$A:$AC,29,FALSE),"-") -> 0 | J119: =IFERROR(VLOOKUP(A119,[1]FALTANTES!$A:$AD,30,FALSE),"-") -> -3 | K119: 0 | L119: =SUM(M119:AS119) -> 3 | M119: =SUMIFS(METALFISA!$E:$E,METALFISA!$A:$A,'Faltantes Fevereiro- Metalfisa'!M$3,METALFISA!$B:$B,'Faltantes Fevereiro- Metalfisa'!$A119) -> 0 | N119: =SUMIFS(METALFISA!$E:$E,METALFISA!$A:$A,'Faltantes Fevereiro- Metalfisa'!N$3,METALFISA!$B:$B,'Faltantes Fevereiro- Metalfisa'!$A119) -> 0 | O119: =SUMIFS(METALFISA!$E:$E,METALFISA!$A:$A,'Faltantes Fevereiro- Metalfisa'!O$3,METALFISA!$B:$B,'Faltantes Fevereiro- Metalfisa'!$A119) -> 0 | P119: =SUMIFS(METALFISA!$E:$E,METALFISA!$A:$A,'Faltantes Fevereiro- Metalfisa'!P$3,METALFISA!$B:$B,'Faltantes Fevereiro- Metalfisa'!$A119) -> 0 | Q119: =SUMIFS(METALFISA!$E:$E,METALFISA!$A:$A,'Faltantes Fevereiro- Metalfisa'!Q$3,METALFISA!$B:$B,'Faltantes Fevereiro- Metalfisa'!$A119) -> 0 | R119: =SUMIFS(METALFISA!$E:$E,METALFISA!$A:$A,'Faltantes Fevereiro- Metalfisa'!R$3,METALFISA!$B:$B,'Faltantes Fevereiro- Metalfisa'!$A119) -> 0 | S119: =SUMIFS(METALFISA!$E:$E,METALFISA!$A:$A,'Faltantes Fevereiro- Metalfisa'!S$3,METALFISA!$B:$B,'Faltantes Fevereiro- Metalfisa'!$A119) -> 0 | T119: =SUMIFS(METALFISA!$E:$E,METALFISA!$A:$A,'Faltantes Fevereiro- Metalfisa'!T$3,METALFISA!$B:$B,'Faltantes Fevereiro- Metalfisa'!$A119) -> 0 | ... AP119: =SUMIFS(METALFISA!$E:$E,METALFISA!$A:$A,'Faltantes Fevereiro- Metalfisa'!AP$3,METALFISA!$B:$B,'Faltantes Fevereiro- Metalfisa'!$A119) -> 0 | AR119: =SUMIFS(METALFISA!$E:$E,METALFISA!$A:$A,'Faltantes Fevereiro- Metalfisa'!AR$3,METALFISA!$B:$B,'Faltantes Fevereiro- Metalfisa'!$A119) -> 0 | AS119: =SUMIFS(METALFISA!$E:$E,METALFISA!$A:$A,'Faltantes Fevereiro- Metalfisa'!AS$3,METALFISA!$B:$B,'Faltantes Fevereiro- Metalfisa'!$A119) -> 0 | AU119: 0 | AV119: 0 | AW119: 0 | AX119: 0 | AY119: 1 | AZ119: 1 | BA119: 0 | BB119: 0 | BC119: 0 | BD119: 0 | BE119: 0 | BF119: 0 | BG119: 0 | BH119: 0 | BI119: 0 | BJ119: 0 | BK119: 0 | BL119: 0 | BM119: 0 | BN119: 0 | BO119: 0 | BP119: 0 | BQ119: 0 | BR119: 0 | BS119: 0 | BT119: 0 | BU119: 0 | BV119: 0 | BW119: 0 | BX119: 0 | BY119: 0 | BZ119: 0 | CA119: 0 | CB119: 0 | CC119: 0 | CD119: 0 | CE119: 0 | CF119: 0 | CG119: 0 | CH119: 0 | CI119: 0 | CJ119: 0 | CK119: 0 | CL119: 0
A120: 21.23.02282 | B120: MONTAGEM CONSOLE DO TUBO \ AA_4219_02 | C120: 0 | D120: 0 | E120: 0 | F120: 0 | G120: 1 | H120: =IFERROR(VLOOKUP(A120,[1]FALTANTES!$A:$AB,28,FALSE),"-") -> 0 | I120: =IFERROR(VLOOKUP(A120,[1]FALTANTES!$A:$AC,29,FALSE),"-") -> 0 | J120: =IFERROR(VLOOKUP(A120,[1]FALTANTES!$A:$AD,30,FALSE),"-") -> -1 | K120: 0 | L120: =SUM(M120:AS120) -> 2 | M120: =SUMIFS(METALFISA!$E:$E,METALFISA!$A:$A,'Faltantes Fevereiro- Metalfisa'!M$3,METALFISA!$B:$B,'Faltantes Fevereiro- Metalfisa'!$A120) -> 0 | N120: =SUMIFS(METALFISA!$E:$E,METALFISA!$A:$A,'Faltantes Fevereiro- Metalfisa'!N$3,METALFISA!$B:$B,'Faltantes Fevereiro- Metalfisa'!$A120) -> 0 | O120: =SUMIFS(METALFISA!$E:$E,METALFISA!$A:$A,'Faltantes Fevereiro- Metalfisa'!O$3,METALFISA!$B:$B,'Faltantes Fevereiro- Metalfisa'!$A120) -> 0 | P120: =SUMIFS(METALFISA!$E:$E,METALFISA!$A:$A,'Faltantes Fevereiro- Metalfisa'!P$3,METALFISA!$B:$B,'Faltantes Fevereiro- Metalfisa'!$A120) -> 0 | Q120: =SUMIFS(METALFISA!$E:$E,METALFISA!$A:$A,'Faltantes Fevereiro- Metalfisa'!Q$3,METALFISA!$B:$B,'Faltantes Fevereiro- Metalfisa'!$A120) -> 0 | R120: =SUMIFS(METALFISA!$E:$E,METALFISA!$A:$A,'Faltantes Fevereiro- Metalfisa'!R$3,METALFISA!$B:$B,'Faltantes Fevereiro- Metalfisa'!$A120) -> 0 | S120: =SUMIFS(METALFISA!$E:$E,METALFISA!$A:$A,'Faltantes Fevereiro- Metalfisa'!S$3,METALFISA!$B:$B,'Faltantes Fevereiro- Metalfisa'!$A120) -> 0 | T120: =SUMIFS(METALFISA!$E:$E,METALFISA!$A:$A,'Faltantes Fevereiro- Metalfisa'!T$3,METALFISA!$B:$B,'Faltantes Fevereiro- Metalfisa'!$A120) -> 0 | ... AP120: =SUMIFS(METALFISA!$E:$E,METALFISA!$A:$A,'Faltantes Fevereiro- Metalfisa'!AP$3,METALFISA!$B:$B,'Faltantes Fevereiro- Metalfisa'!$A120) -> 0 | AR120: =SUMIFS(METALFISA!$E:$E,METALFISA!$A:$A,'Faltantes Fevereiro- Metalfisa'!AR$3,METALFISA!$B:$B,'Faltantes Fevereiro- Metalfisa'!$A120) -> 0 | AS120: =SUMIFS(METALFISA!$E:$E,METALFISA!$A:$A,'Faltantes Fevereiro- Metalfisa'!AS$3,METALFISA!$B:$B,'Faltantes Fevereiro- Metalfisa'!$A120) -> 0 | AU120: 0 | AV120: 0 | AW120: 0 | AX120: 0 | AY120: 0 | AZ120: 1 | BA120: 0 | BB120: 0 | BC120: 0 | BD120: 0 | BE120: 0 | BF120: 0 | BG120: 0 | BH120: 0 | BI120: 0 | BJ120: 0 | BK120: 0 | BL120: 0 | BM120: 0 | BN120: 0 | BO120: 0 | BP120: 0 | BQ120: 0 | BR120: 0 | BS120: 0 | BT120: 0 | BU120: 0 | BV120: 0 | BW120: 0 | BX120: 0 | BY120: 0 | BZ120: 0 | CA120: 0 | CB120: 0 | CC120: 0 | CD120: 0 | CE120: 0 | CF120: 0 | CG120: 0 | CH120: 0 | CI120: 0 | CJ120: 0 | CK120: 0 | CL120: 0
A121: 21.23.02284 | B121: ACABAMENTO DA ESTEIRA 02 \ AA_9518_00 | C121: 0 | D121: 0 | E121: 0 | F121: 0 | G121: 11 | H121: =IFERROR(VLOOKUP(A121,[1]FALTANTES!$A:$AB,28,FALSE),"-") -> 0 | I121: =IFERROR(VLOOKUP(A121,[1]FALTANTES!$A:$AC,29,FALSE),"-") -> 0 | J121: =IFERROR(VLOOKUP(A121,[1]FALTANTES!$A:$AD,30,FALSE),"-") -> -11 | K121: 0 | L121: =SUM(M121:AS121) -> 11 | M121: =SUMIFS(METALFISA!$E:$E,METALFISA!$A:$A,'Faltantes Fevereiro- Metalfisa'!M$3,METALFISA!$B:$B,'Faltantes Fevereiro- Metalfisa'!$A121) -> 0 | N121: =SUMIFS(METALFISA!$E:$E,METALFISA!$A:$A,'Faltantes Fevereiro- Metalfisa'!N$3,METALFISA!$B:$B,'Faltantes Fevereiro- Metalfisa'!$A121) -> 0 | O121: =SUMIFS(METALFISA!$E:$E,METALFISA!$A:$A,'Faltantes Fevereiro- Metalfisa'!O$3,METALFISA!$B:$B,'Faltantes Fevereiro- Metalfisa'!$A121) -> 0 | P121: =SUMIFS(METALFISA!$E:$E,METALFISA!$A:$A,'Faltantes Fevereiro- Metalfisa'!P$3,METALFISA!$B:$B,'Faltantes Fevereiro- Metalfisa'!$A121) -> 0 | Q121: =SUMIFS(METALFISA!$E:$E,METALFISA!$A:$A,'Faltantes Fevereiro- Metalfisa'!Q$3,METALFISA!$B:$B,'Faltantes Fevereiro- Metalfisa'!$A121) -> 0 | R121: =SUMIFS(METALFISA!$E:$E,METALFISA!$A:$A,'Faltantes Fevereiro- Metalfisa'!R$3,METALFISA!$B:$B,'Faltantes Fevereiro- Metalfisa'!$A121) -> 0 | S121: =SUMIFS(METALFISA!$E:$E,METALFISA!$A:$A,'Faltantes Fevereiro- Metalfisa'!S$3,METALFISA!$B:$B,'Faltantes Fevereiro- Metalfisa'!$A121) -> 0 | T121: =SUMIFS(METALFISA!$E:$E,METALFISA!$A:$A,'Faltantes Fevereiro- Metalfisa'!T$3,METALFISA!$B:$B,'Faltantes Fevereiro- Metalfisa'!$A121) -> 0 | ... AP121: =SUMIFS(METALFISA!$E:$E,METALFISA!$A:$A,'Faltantes Fevereiro- Metalfisa'!AP$3,METALFISA!$B:$B,'Faltantes Fevereiro- Metalfisa'!$A121) -> 0 | AR121: =SUMIFS(METALFISA!$E:$E,METALFISA!$A:$A,'Faltantes Fevereiro- Metalfisa'!AR$3,METALFISA!$B:$B,'Faltantes Fevereiro- Metalfisa'!$A121) -> 0 | AS121: =SUMIFS(METALFISA!$E:$E,METALFISA!$A:$A,'Faltantes Fevereiro- Metalfisa'!AS$3,METALFISA!$B:$B,'Faltantes Fevereiro- Metalfisa'!$A121) -> 0 | AU121: 0 | AV121: 0 | AW121: 0 | AX121: 0 | AY121: 1 | AZ121: 1 | BA121: 0 | BB121: 0 | BC121: 0 | BD121: 0 | BE121: 0 | BF121: 0 | BG121: 0 | BH121: 0 | BI121: 0 | BJ121: 0 | BK121: 0 | BL121: 0 | BM121: 0 | BN121: 0 | BO121: 0 | BP121: 0 | BQ121: 0 | BR121: 0 | BS121: 0 | BT121: 0 | BU121: 0 | BV121: 0 | BW121: 0 | BX121: 0 | BY121: 0 | BZ121: 0 | CA121: 0 | CB121: 0 | CC121: 0 | CD121: 0 | CE121: 0 | CF121: 0 | CG121: 0 | CH121: 0 | CI121: 0 | CJ121: 0 | CK121: 0 | CL121: 0
A122: 21.23.02291 | B122: TRAVA DA ESTRUTURA \ AA_4982_02 | C122: 0 | D122: 0 | E122: 0 | F122: 0 | G122: 64 | H122: =IFERROR(VLOOKUP(A122,[1]FALTANTES!$A:$AB,28,FALSE),"-") -> 0 | I122: =IFERROR(VLOOKUP(A122,[1]FALTANTES!$A:$AC,29,FALSE),"-") -> 0 | J122: =IFERROR(VLOOKUP(A122,[1]FALTANTES!$A:$AD,30,FALSE),"-") -> -64 | K122: 0 | L122: =SUM(M122:AS122) -> 132 | M122: =SUMIFS(METALFISA!$E:$E,METALFISA!$A:$A,'Faltantes Fevereiro- Metalfisa'!M$3,METALFISA!$B:$B,'Faltantes Fevereiro- Metalfisa'!$A122) -> 0 | N122: =SUMIFS(METALFISA!$E:$E,METALFISA!$A:$A,'Faltantes Fevereiro- Metalfisa'!N$3,METALFISA!$B:$B,'Faltantes Fevereiro- Metalfisa'!$A122) -> 0 | O122: =SUMIFS(METALFISA!$E:$E,METALFISA!$A:$A,'Faltantes Fevereiro- Metalfisa'!O$3,METALFISA!$B:$B,'Faltantes Fevereiro- Metalfisa'!$A122) -> 0 | P122: =SUMIFS(METALFISA!$E:$E,METALFISA!$A:$A,'Faltantes Fevereiro- Metalfisa'!P$3,METALFISA!$B:$B,'Faltantes Fevereiro- Metalfisa'!$A122) -> 0 | Q122: =SUMIFS(METALFISA!$E:$E,METALFISA!$A:$A,'Faltantes Fevereiro- Metalfisa'!Q$3,METALFISA!$B:$B,'Faltantes Fevereiro- Metalfisa'!$A122) -> 0 | R122: =SUMIFS(METALFISA!$E:$E,METALFISA!$A:$A,'Faltantes Fevereiro- Metalfisa'!R$3,METALFISA!$B:$B,'Faltantes Fevereiro- Metalfisa'!$A122) -> 0 | S122: =SUMIFS(METALFISA!$E:$E,METALFISA!$A:$A,'Faltantes Fevereiro- Metalfisa'!S$3,METALFISA!$B:$B,'Faltantes Fevereiro- Metalfisa'!$A122) -> 0 | T122: =SUMIFS(METALFISA!$E:$E,METALFISA!$A:$A,'Faltantes Fevereiro- Metalfisa'!T$3,METALFISA!$B:$B,'Faltantes Fevereiro- Metalfisa'!$A122) -> 0 | ... AP122: =SUMIFS(METALFISA!$E:$E,METALFISA!$A:$A,'Faltantes Fevereiro- Metalfisa'!AP$3,METALFISA!$B:$B,'Faltantes Fevereiro- Metalfisa'!$A122) -> 0 | AR122: =SUMIFS(METALFISA!$E:$E,METALFISA!$A:$A,'Faltantes Fevereiro- Metalfisa'!AR$3,METALFISA!$B:$B,'Faltantes Fevereiro- Metalfisa'!$A122) -> 0 | AS122: =SUMIFS(METALFISA!$E:$E,METALFISA!$A:$A,'Faltantes Fevereiro- Metalfisa'!AS$3,METALFISA!$B:$B,'Faltantes Fevereiro- Metalfisa'!$A122) -> 0 | AU122: 0 | AV122: 0 | AW122: 0 | AX122: 0 | AY122: 4 | AZ122: 4 | BA122: 0 | BB122: 0 | BC122: 0 | BD122: 0 | BE122: 0 | BF122: 0 | BG122: 0 | BH122: 0 | BI122: 0 | BJ122: 0 | BK122: 0 | BL122: 0 | BM122: 0 | BN122: 0 | BO122: 0 | BP122: 0 | BQ122: 0 | BR122: 0 | BS122: 0 | BT122: 0 | BU122: 0 | BV122: 0 | BW122: 0 | BX122: 0 | BY122: 0 | BZ122: 0 | CA122: 0 | CB122: 0 | CC122: 0 | CD122: 0 | CE122: 0 | CF122: 0 | CG122: 0 | CH122: 0 | CI122: 0 | CJ122: 0 | CK122: 0 | CL122: 0
A123: 21.23.02300 | B123: FECHAMENTO DA ESTEIRA \ AA_6002_00 | C123: 8 | D123: 0 | E123: 0 | F123: 0 | G123: 58 | H123: =IFERROR(VLOOKUP(A123,[1]FALTANTES!$A:$AB,28,FALSE),"-") -> 8 | I123: =IFERROR(VLOOKUP(A123,[1]FALTANTES!$A:$AC,29,FALSE),"-") -> 0 | J123: =IFERROR(VLOOKUP(A123,[1]FALTANTES!$A:$AD,30,FALSE),"-") -> -66 | K123: 0 | L123: =SUM(M123:AS123) -> 66 | M123: =SUMIFS(METALFISA!$E:$E,METALFISA!$A:$A,'Faltantes Fevereiro- Metalfisa'!M$3,METALFISA!$B:$B,'Faltantes Fevereiro- Metalfisa'!$A123) -> 0 | N123: =SUMIFS(METALFISA!$E:$E,METALFISA!$A:$A,'Faltantes Fevereiro- Metalfisa'!N$3,METALFISA!$B:$B,'Faltantes Fevereiro- Metalfisa'!$A123) -> 0 | O123: =SUMIFS(METALFISA!$E:$E,METALFISA!$A:$A,'Faltantes Fevereiro- Metalfisa'!O$3,METALFISA!$B:$B,'Faltantes Fevereiro- Metalfisa'!$A123) -> 0 | P123: =SUMIFS(METALFISA!$E:$E,METALFISA!$A:$A,'Faltantes Fevereiro- Metalfisa'!P$3,METALFISA!$B:$B,'Faltantes Fevereiro- Metalfisa'!$A123) -> 0 | Q123: =SUMIFS(METALFISA!$E:$E,METALFISA!$A:$A,'Faltantes Fevereiro- Metalfisa'!Q$3,METALFISA!$B:$B,'Faltantes Fevereiro- Metalfisa'!$A123) -> 0 | R123: =SUMIFS(METALFISA!$E:$E,METALFISA!$A:$A,'Faltantes Fevereiro- Metalfisa'!R$3,METALFISA!$B:$B,'Faltantes Fevereiro- Metalfisa'!$A123) -> 0 | S123: =SUMIFS(METALFISA!$E:$E,METALFISA!$A:$A,'Faltantes Fevereiro- Metalfisa'!S$3,METALFISA!$B:$B,'Faltantes Fevereiro- Metalfisa'!$A123) -> 0 | T123: =SUMIFS(METALFISA!$E:$E,METALFISA!$A:$A,'Faltantes Fevereiro- Metalfisa'!T$3,METALFISA!$B:$B,'Faltantes Fevereiro- Metalfisa'!$A123) -> 0 | ... AP123: =SUMIFS(METALFISA!$E:$E,METALFISA!$A:$A,'Faltantes Fevereiro- Metalfisa'!AP$3,METALFISA!$B:$B,'Faltantes Fevereiro- Metalfisa'!$A123) -> 0 | AR123: =SUMIFS(METALFISA!$E:$E,METALFISA!$A:$A,'Faltantes Fevereiro- Metalfisa'!AR$3,METALFISA!$B:$B,'Faltantes Fevereiro- Metalfisa'!$A123) -> 0 | AS123: =SUMIFS(METALFISA!$E:$E,METALFISA!$A:$A,'Faltantes Fevereiro- Metalfisa'!AS$3,METALFISA!$B:$B,'Faltantes Fevereiro- Metalfisa'!$A123) -> 0 | AU123: 0 | AV123: 0 | AW123: 0 | AX123: 0 | AY123: 2 | AZ123: 2 | BA123: 0 | BB123: 0 | BC123: 0 | BD123: 0 | BE123: 0 | BF123: 0 | BG123: 0 | BH123: 0 | BI123: 0 | BJ123: 0 | BK123: 0 | BL123: 0 | BM123: 0 | BN123: 0 | BO123: 0 | BP123: 0 | BQ123: 0 | BR123: 0 | BS123: 0 | BT123: 0 | BU123: 0 | BV123: 0 | BW123: 0 | BX123: 0 | BY123: 0 | BZ123: 0 | CA123: 0 | CB123: 0 | CC123: 0 | CD123: 0 | CE123: 0 | CF123: 0 | CG123: 0 | CH123: 0 | CI123: 0 | CJ123: 0 | CK123: 0 | CL123: 0
... A129: 21.23.02329 | B129: FECHAMENTO SV AO LADO DA CAIXA 02 \ AA_6048_00 | C129: 6 | D129: 0 | E129: 0 | F129: 0 | G129: 25 | H129: =IFERROR(VLOOKUP(A129,[1]FALTANTES!$A:$AB,28,FALSE),"-") -> 6 | I129: =IFERROR(VLOOKUP(A129,[1]FALTANTES!$A:$AC,29,FALSE),"-") -> 0 | J129: =IFERROR(VLOOKUP(A129,[1]FALTANTES!$A:$AD,30,FALSE),"-") -> -31 | K129: 0 | L129: =SUM(M129:AS129) -> 31 | M129: =SUMIFS(METALFISA!$E:$E,METALFISA!$A:$A,'Faltantes Fevereiro- Metalfisa'!M$3,METALFISA!$B:$B,'Faltantes Fevereiro- Metalfisa'!$A129) -> 0 | N129: =SUMIFS(METALFISA!$E:$E,METALFISA!$A:$A,'Faltantes Fevereiro- Metalfisa'!N$3,METALFISA!$B:$B,'Faltantes Fevereiro- Metalfisa'!$A129) -> 0 | O129: =SUMIFS(METALFISA!$E:$E,METALFISA!$A:$A,'Faltantes Fevereiro- Metalfisa'!O$3,METALFISA!$B:$B,'Faltantes Fevereiro- Metalfisa'!$A129) -> 1 | P129: =SUMIFS(METALFISA!$E:$E,METALFISA!$A:$A,'Faltantes Fevereiro- Metalfisa'!P$3,METALFISA!$B:$B,'Faltantes Fevereiro- Metalfisa'!$A129) -> 0 | Q129: =SUMIFS(METALFISA!$E:$E,METALFISA!$A:$A,'Faltantes Fevereiro- Metalfisa'!Q$3,METALFISA!$B:$B,'Faltantes Fevereiro- Metalfisa'!$A129) -> 0 | R129: =SUMIFS(METALFISA!$E:$E,METALFISA!$A:$A,'Faltantes Fevereiro- Metalfisa'!R$3,METALFISA!$B:$B,'Faltantes Fevereiro- Metalfisa'!$A129) -> 0 | S129: =SUMIFS(METALFISA!$E:$E,METALFISA!$A:$A,'Faltantes Fevereiro- Metalfisa'!S$3,METALFISA!$B:$B,'Faltantes Fevereiro- Metalfisa'!$A129) -> 0 | T129: =SUMIFS(METALFISA!$E:$E,METALFISA!$A:$A,'Faltantes Fevereiro- Metalfisa'!T$3,METALFISA!$B:$B,'Faltantes Fevereiro- Metalfisa'!$A129) -> 0 | ... AP129: =SUMIFS(METALFISA!$E:$E,METALFISA!$A:$A,'Faltantes Fevereiro- Metalfisa'!AP$3,METALFISA!$B:$B,'Faltantes Fevereiro- Metalfisa'!$A129) -> 0 | AR129: =SUMIFS(METALFISA!$E:$E,METALFISA!$A:$A,'Faltantes Fevereiro- Metalfisa'!AR$3,METALFISA!$B:$B,'Faltantes Fevereiro- Metalfisa'!$A129) -> 0 | AS129: =SUMIFS(METALFISA!$E:$E,METALFISA!$A:$A,'Faltantes Fevereiro- Metalfisa'!AS$3,METALFISA!$B:$B,'Faltantes Fevereiro- Metalfisa'!$A129) -> 0 | AU129: 0 | AV129: 0 | AW129: 0 | AX129: 0 | AY129: 1 | AZ129: 0 | BA129: 0 | BB129: 0 | BC129: 0 | BD129: 0 | BE129: 0 | BF129: 0 | BG129: 0 | BH129: 0 | BI129: 0 | BJ129: 0 | BK129: 0 | BL129: 0 | BM129: 0 | BN129: 0 | BO129: 0 | BP129: 0 | BQ129: 0 | BR129: 0 | BS129: 0 | BT129: 0 | BU129: 0 | BV129: 0 | BW129: 0 | BX129: 0 | BY129: 0 | BZ129: 0 | CA129: 0 | CB129: 0 | CC129: 0 | CD129: 0 | CE129: 0 | CF129: 0 | CG129: 0 | CH129: 0 | CI129: 0 | CJ129: 0 | CK129: 0 | CL129: 0
A130: 21.23.02331 | B130: ACABAMENTO INTERNO DO TUNEL MAIOR INGL/PORT / AA_6055_03 | C130: 0 | D130: 0 | E130: 0 | F130: 0 | G130: 3 | H130: =IFERROR(VLOOKUP(A130,[1]FALTANTES!$A:$AB,28,FALSE),"-") -> 0 | I130: =IFERROR(VLOOKUP(A130,[1]FALTANTES!$A:$AC,29,FALSE),"-") -> 2 | J130: =IFERROR(VLOOKUP(A130,[1]FALTANTES!$A:$AD,30,FALSE),"-") -> -1 | K130: ENTREGUE 2 PEÇAS NO DANFE 41762 EM 09/02-METALFISA | L130: =SUM(M130:AS130) -> 1 | M130: =SUMIFS(METALFISA!$E:$E,METALFISA!$A:$A,'Faltantes Fevereiro- Metalfisa'!M$3,METALFISA!$B:$B,'Faltantes Fevereiro- Metalfisa'!$A130) -> 0 | N130: =SUMIFS(METALFISA!$E:$E,METALFISA!$A:$A,'Faltantes Fevereiro- Metalfisa'!N$3,METALFISA!$B:$B,'Faltantes Fevereiro- Metalfisa'!$A130) -> 0 | O130: =SUMIFS(METALFISA!$E:$E,METALFISA!$A:$A,'Faltantes Fevereiro- Metalfisa'!O$3,METALFISA!$B:$B,'Faltantes Fevereiro- Metalfisa'!$A130) -> 0 | P130: =SUMIFS(METALFISA!$E:$E,METALFISA!$A:$A,'Faltantes Fevereiro- Metalfisa'!P$3,METALFISA!$B:$B,'Faltantes Fevereiro- Metalfisa'!$A130) -> 0 | Q130: =SUMIFS(METALFISA!$E:$E,METALFISA!$A:$A,'Faltantes Fevereiro- Metalfisa'!Q$3,METALFISA!$B:$B,'Faltantes Fevereiro- Metalfisa'!$A130) -> 0 | R130: =SUMIFS(METALFISA!$E:$E,METALFISA!$A:$A,'Faltantes Fevereiro- Metalfisa'!R$3,METALFISA!$B:$B,'Faltantes Fevereiro- Metalfisa'!$A130) -> 0 | S130: =SUMIFS(METALFISA!$E:$E,METALFISA!$A:$A,'Faltantes Fevereiro- Metalfisa'!S$3,METALFISA!$B:$B,'Faltantes Fevereiro- Metalfisa'!$A130) -> 0 | T130: =SUMIFS(METALFISA!$E:$E,METALFISA!$A:$A,'Faltantes Fevereiro- Metalfisa'!T$3,METALFISA!$B:$B,'Faltantes Fevereiro- Metalfisa'!$A130) -> 0 | ... AP130: =SUMIFS(METALFISA!$E:$E,METALFISA!$A:$A,'Faltantes Fevereiro- Metalfisa'!AP$3,METALFISA!$B:$B,'Faltantes Fevereiro- Metalfisa'!$A130) -> 0 | AR130: =SUMIFS(METALFISA!$E:$E,METALFISA!$A:$A,'Faltantes Fevereiro- Metalfisa'!AR$3,METALFISA!$B:$B,'Faltantes Fevereiro- Metalfisa'!$A130) -> 0 | AS130: =SUMIFS(METALFISA!$E:$E,METALFISA!$A:$A,'Faltantes Fevereiro- Metalfisa'!AS$3,METALFISA!$B:$B,'Faltantes Fevereiro- Metalfisa'!$A130) -> 0 | AU130: 0 | AV130: 0 | AW130: 0 | AX130: 0 | AY130: 0 | AZ130: 1 | BA130: 0 | BB130: 0 | BC130: 0 | BD130: 0 | BE130: 0 | BF130: 0 | BG130: 0 | BH130: 0 | BI130: 0 | BJ130: 0 | BK130: 0 | BL130: 0 | BM130: 0 | BN130: 0 | BO130: 0 | BP130: 0 | BQ130: 0 | BR130: 0 | BS130: 0 | BT130: 0 | BU130: 0 | BV130: 0 | BW130: 0 | BX130: 0 | BY130: 0 | BZ130: 0 | CA130: 0 | CB130: 0 | CC130: 0 | CD130: 0 | CE130: 0 | CF130: 0 | CG130: 0 | CH130: 0 | CI130: 0 | CJ130: 0 | CK130: 0 | CL130: 0
A131: 21.23.02333 | B131: SUPORTE ACESSO RAPIDO. \ AA_6059_00 | C131: 10 | D131: 0 | E131: 0 | F131: 0 | G131: 29 | H131: =IFERROR(VLOOKUP(A131,[1]FALTANTES!$A:$AB,28,FALSE),"-") -> 0 | I131: =IFERROR(VLOOKUP(A131,[1]FALTANTES!$A:$AC,29,FALSE),"-") -> 32 | J131: =IFERROR(VLOOKUP(A131,[1]FALTANTES!$A:$AD,30,FALSE),"-") -> -7 | K131: 0 | L131: =SUM(M131:AS131) -> 7 | M131: =SUMIFS(METALFISA!$E:$E,METALFISA!$A:$A,'Faltantes Fevereiro- Metalfisa'!M$3,METALFISA!$B:$B,'Faltantes Fevereiro- Metalfisa'!$A131) -> 0 | N131: =SUMIFS(METALFISA!$E:$E,METALFISA!$A:$A,'Faltantes Fevereiro- Metalfisa'!N$3,METALFISA!$B:$B,'Faltantes Fevereiro- Metalfisa'!$A131) -> 0 | O131: =SUMIFS(METALFISA!$E:$E,METALFISA!$A:$A,'Faltantes Fevereiro- Metalfisa'!O$3,METALFISA!$B:$B,'Faltantes Fevereiro- Metalfisa'!$A131) -> 0 | P131: =SUMIFS(METALFISA!$E:$E,METALFISA!$A:$A,'Faltantes Fevereiro- Metalfisa'!P$3,METALFISA!$B:$B,'Faltantes Fevereiro- Metalfisa'!$A131) -> 0 | Q131: =SUMIFS(METALFISA!$E:$E,METALFISA!$A:$A,'Faltantes Fevereiro- Metalfisa'!Q$3,METALFISA!$B:$B,'Faltantes Fevereiro- Metalfisa'!$A131) -> 0 | R131: =SUMIFS(METALFISA!$E:$E,METALFISA!$A:$A,'Faltantes Fevereiro- Metalfisa'!R$3,METALFISA!$B:$B,'Faltantes Fevereiro- Metalfisa'!$A131) -> 0 | S131: =SUMIFS(METALFISA!$E:$E,METALFISA!$A:$A,'Faltantes Fevereiro- Metalfisa'!S$3,METALFISA!$B:$B,'Faltantes Fevereiro- Metalfisa'!$A131) -> 0 | T131: =SUMIFS(METALFISA!$E:$E,METALFISA!$A:$A,'Faltantes Fevereiro- Metalfisa'!T$3,METALFISA!$B:$B,'Faltantes Fevereiro- Metalfisa'!$A131) -> 0 | ... AP131: =SUMIFS(METALFISA!$E:$E,METALFISA!$A:$A,'Faltantes Fevereiro- Metalfisa'!AP$3,METALFISA!$B:$B,'Faltantes Fevereiro- Metalfisa'!$A131) -> 0 | AR131: =SUMIFS(METALFISA!$E:$E,METALFISA!$A:$A,'Faltantes Fevereiro- Metalfisa'!AR$3,METALFISA!$B:$B,'Faltantes Fevereiro- Metalfisa'!$A131) -> 0 | AS131: =SUMIFS(METALFISA!$E:$E,METALFISA!$A:$A,'Faltantes Fevereiro- Metalfisa'!AS$3,METALFISA!$B:$B,'Faltantes Fevereiro- Metalfisa'!$A131) -> 0 | AU131: 0 | AV131: 0 | AW131: 0 | AX131: 0 | AY131: 1 | AZ131: 0 | BA131: 0 | BB131: 0 | BC131: 0 | BD131: 0 | BE131: 0 | BF131: 0 | BG131: 0 | BH131: 0 | BI131: 0 | BJ131: 0 | BK131: 0 | BL131: 0 | BM131: 0 | BN131: 0 | BO131: 0 | BP131: 0 | BQ131: 0 | BR131: 0 | BS131: 0 | BT131: 0 | BU131: 0 | BV131: 0 | BW131: 0 | BX131: 0 | BY131: 0 | BZ131: 0 | CA131: 0 | CB131: 0 | CC131: 0 | CD131: 0 | CE131: 0 | CF131: 0 | CG131: 0 | CH131: 0 | CI131: 0 | CJ131: 0 | CK131: 0 | CL131: 0
A132: 21.23.02334 | B132: FECHAMENTO DO DISJUNTOR \ AA_6060_00 | C132: 10 | D132: 0 | E132: 0 | F132: 0 | G132: 29 | H132: =IFERROR(VLOOKUP(A132,[1]FALTANTES!$A:$AB,28,FALSE),"-") -> 5 | I132: =IFERROR(VLOOKUP(A132,[1]FALTANTES!$A:$AC,29,FALSE),"-") -> 0 | J132: =IFERROR(VLOOKUP(A132,[1]FALTANTES!$A:$AD,30,FALSE),"-") -> -39 | K132: 0 | L132: =SUM(M132:AS132) -> 39 | M132: =SUMIFS(METALFISA!$E:$E,METALFISA!$A:$A,'Faltantes Fevereiro- Metalfisa'!M$3,METALFISA!$B:$B,'Faltantes Fevereiro- Metalfisa'!$A132) -> 0 | N132: =SUMIFS(METALFISA!$E:$E,METALFISA!$A:$A,'Faltantes Fevereiro- Metalfisa'!N$3,METALFISA!$B:$B,'Faltantes Fevereiro- Metalfisa'!$A132) -> 0 | O132: =SUMIFS(METALFISA!$E:$E,METALFISA!$A:$A,'Faltantes Fevereiro- Metalfisa'!O$3,METALFISA!$B:$B,'Faltantes Fevereiro- Metalfisa'!$A132) -> 0 | P132: =SUMIFS(METALFISA!$E:$E,METALFISA!$A:$A,'Faltantes Fevereiro- Metalfisa'!P$3,METALFISA!$B:$B,'Faltantes Fevereiro- Metalfisa'!$A132) -> 0 | Q132: =SUMIFS(METALFISA!$E:$E,METALFISA!$A:$A,'Faltantes Fevereiro- Metalfisa'!Q$3,METALFISA!$B:$B,'Faltantes Fevereiro- Metalfisa'!$A132) -> 0 | R132: =SUMIFS(METALFISA!$E:$E,METALFISA!$A:$A,'Faltantes Fevereiro- Metalfisa'!R$3,METALFISA!$B:$B,'Faltantes Fevereiro- Metalfisa'!$A132) -> 0 | S132: =SUMIFS(METALFISA!$E:$E,METALFISA!$A:$A,'Faltantes Fevereiro- Metalfisa'!S$3,METALFISA!$B:$B,'Faltantes Fevereiro- Metalfisa'!$A132) -> 0 | T132: =SUMIFS(METALFISA!$E:$E,METALFISA!$A:$A,'Faltantes Fevereiro- Metalfisa'!T$3,METALFISA!$B:$B,'Faltantes Fevereiro- Metalfisa'!$A132) -> 0 | ... AP132: =SUMIFS(METALFISA!$E:$E,METALFISA!$A:$A,'Faltantes Fevereiro- Metalfisa'!AP$3,METALFISA!$B:$B,'Faltantes Fevereiro- Metalfisa'!$A132) -> 0 | AR132: =SUMIFS(METALFISA!$E:$E,METALFISA!$A:$A,'Faltantes Fevereiro- Metalfisa'!AR$3,METALFISA!$B:$B,'Faltantes Fevereiro- Metalfisa'!$A132) -> 0 | AS132: =SUMIFS(METALFISA!$E:$E,METALFISA!$A:$A,'Faltantes Fevereiro- Metalfisa'!AS$3,METALFISA!$B:$B,'Faltantes Fevereiro- Metalfisa'!$A132) -> 0 | AU132: 0 | AV132: 0 | AW132: 0 | AX132: 0 | AY132: 1 | AZ132: 0 | BA132: 0 | BB132: 0 | BC132: 0 | BD132: 0 | BE132: 0 | BF132: 0 | BG132: 0 | BH132: 0 | BI132: 0 | BJ132: 0 | BK132: 0 | BL132: 0 | BM132: 0 | BN132: 0 | BO132: 0 | BP132: 0 | BQ132: 0 | BR132: 0 | BS132: 0 | BT132: 0 | BU132: 0 | BV132: 0 | BW132: 0 | BX132: 0 | BY132: 0 | BZ132: 0 | CA132: 0 | CB132: 0 | CC132: 0 | CD132: 0 | CE132: 0 | CF132: 0 | CG132: 0 | CH132: 0 | CI132: 0 | CJ132: 0 | CK132: 0 | CL132: 0
A133: 21.23.02785 | B133: PECA EXTERNA DA PORTA 02 \ AA_7623_01 | C133: 0 | D133: 0 | E133: 0 | F133: 0 | G133: 4 | H133: =IFERROR(VLOOKUP(A133,[1]FALTANTES!$A:$AB,28,FALSE),"-") -> 0 | I133: =IFERROR(VLOOKUP(A133,[1]FALTANTES!$A:$AC,29,FALSE),"-") -> 0 | J133: =IFERROR(VLOOKUP(A133,[1]FALTANTES!$A:$AD,30,FALSE),"-") -> -4 | K133: 0 | L133: =SUM(M133:AS133) -> 36 | M133: =SUMIFS(METALFISA!$E:$E,METALFISA!$A:$A,'Faltantes Fevereiro- Metalfisa'!M$3,METALFISA!$B:$B,'Faltantes Fevereiro- Metalfisa'!$A133) -> 0 | N133: =SUMIFS(METALFISA!$E:$E,METALFISA!$A:$A,'Faltantes Fevereiro- Metalfisa'!N$3,METALFISA!$B:$B,'Faltantes Fevereiro- Metalfisa'!$A133) -> 0 | O133: =SUMIFS(METALFISA!$E:$E,METALFISA!$A:$A,'Faltantes Fevereiro- Metalfisa'!O$3,METALFISA!$B:$B,'Faltantes Fevereiro- Metalfisa'!$A133) -> 0 | P133: =SUMIFS(METALFISA!$E:$E,METALFISA!$A:$A,'Faltantes Fevereiro- Metalfisa'!P$3,METALFISA!$B:$B,'Faltantes Fevereiro- Metalfisa'!$A133) -> 0 | Q133: =SUMIFS(METALFISA!$E:$E,METALFISA!$A:$A,'Faltantes Fevereiro- Metalfisa'!Q$3,METALFISA!$B:$B,'Faltantes Fevereiro- Metalfisa'!$A133) -> 0 | R133: =SUMIFS(METALFISA!$E:$E,METALFISA!$A:$A,'Faltantes Fevereiro- Metalfisa'!R$3,METALFISA!$B:$B,'Faltantes Fevereiro- Metalfisa'!$A133) -> 0 | S133: =SUMIFS(METALFISA!$E:$E,METALFISA!$A:$A,'Faltantes Fevereiro- Metalfisa'!S$3,METALFISA!$B:$B,'Faltantes Fevereiro- Metalfisa'!$A133) -> 0 | T133: =SUMIFS(METALFISA!$E:$E,METALFISA!$A:$A,'Faltantes Fevereiro- Metalfisa'!T$3,METALFISA!$B:$B,'Faltantes Fevereiro- Metalfisa'!$A133) -> 0 | ... AP133: =SUMIFS(METALFISA!$E:$E,METALFISA!$A:$A,'Faltantes Fevereiro- Metalfisa'!AP$3,METALFISA!$B:$B,'Faltantes Fevereiro- Metalfisa'!$A133) -> 0 | AR133: =SUMIFS(METALFISA!$E:$E,METALFISA!$A:$A,'Faltantes Fevereiro- Metalfisa'!AR$3,METALFISA!$B:$B,'Faltantes Fevereiro- Metalfisa'!$A133) -> 0 | AS133: =SUMIFS(METALFISA!$E:$E,METALFISA!$A:$A,'Faltantes Fevereiro- Metalfisa'!AS$3,METALFISA!$B:$B,'Faltantes Fevereiro- Metalfisa'!$A133) -> 0 | AU133: 0 | AV133: 0 | AW133: 0 | AX133: 0 | AY133: 0 | AZ133: 0 | BA133: 0 | BB133: 0 | BC133: 0 | BD133: 0 | BE133: 0 | BF133: 0 | BG133: 0 | BH133: 0 | BI133: 0 | BJ133: 0 | BK133: 0 | BL133: 0 | BM133: 0 | BN133: 0 | BO133: 0 | BP133: 0 | BQ133: 0 | BR133: 0 | BS133: 0 | BT133: 0 | BU133: 0 | BV133: 0 | BW133: 0 | BX133: 0 | BY133: 0 | BZ133: 0 | CA133: 0 | CB133: 0 | CC133: 0 | CD133: 0 | CE133: 2 | CF133: 0 | CG133: 0 | CH133: 0 | CI133: 0 | CJ133: 0 | CK133: 0 | CL133: 0
A134: 21.23.02786 | B134: PECA EXTERNA DA PORTA 03 \ AA_7624_00 | C134: 0 | D134: 0 | E134: 2 | F134: 0 | G134: 6 | H134: =IFERROR(VLOOKUP(A134,[1]FALTANTES!$A:$AB,28,FALSE),"-") -> 0 | I134: =IFERROR(VLOOKUP(A134,[1]FALTANTES!$A:$AC,29,FALSE),"-") -> 0 | J134: =IFERROR(VLOOKUP(A134,[1]FALTANTES!$A:$AD,30,FALSE),"-") -> -8 | K134: 0 | L134: =SUM(M134:AS134) -> 40 | M134: =SUMIFS(METALFISA!$E:$E,METALFISA!$A:$A,'Faltantes Fevereiro- Metalfisa'!M$3,METALFISA!$B:$B,'Faltantes Fevereiro- Metalfisa'!$A134) -> 0 | N134: =SUMIFS(METALFISA!$E:$E,METALFISA!$A:$A,'Faltantes Fevereiro- Metalfisa'!N$3,METALFISA!$B:$B,'Faltantes Fevereiro- Metalfisa'!$A134) -> 0 | O134: =SUMIFS(METALFISA!$E:$E,METALFISA!$A:$A,'Faltantes Fevereiro- Metalfisa'!O$3,METALFISA!$B:$B,'Faltantes Fevereiro- Metalfisa'!$A134) -> 0 | P134: =SUMIFS(METALFISA!$E:$E,METALFISA!$A:$A,'Faltantes Fevereiro- Metalfisa'!P$3,METALFISA!$B:$B,'Faltantes Fevereiro- Metalfisa'!$A134) -> 0 | Q134: =SUMIFS(METALFISA!$E:$E,METALFISA!$A:$A,'Faltantes Fevereiro- Metalfisa'!Q$3,METALFISA!$B:$B,'Faltantes Fevereiro- Metalfisa'!$A134) -> 0 | R134: =SUMIFS(METALFISA!$E:$E,METALFISA!$A:$A,'Faltantes Fevereiro- Metalfisa'!R$3,METALFISA!$B:$B,'Faltantes Fevereiro- Metalfisa'!$A134) -> 0 | S134: =SUMIFS(METALFISA!$E:$E,METALFISA!$A:$A,'Faltantes Fevereiro- Metalfisa'!S$3,METALFISA!$B:$B,'Faltantes Fevereiro- Metalfisa'!$A134) -> 0 | T134: =SUMIFS(METALFISA!$E:$E,METALFISA!$A:$A,'Faltantes Fevereiro- Metalfisa'!T$3,METALFISA!$B:$B,'Faltantes Fevereiro- Metalfisa'!$A134) -> 0 | ... AP134: =SUMIFS(METALFISA!$E:$E,METALFISA!$A:$A,'Faltantes Fevereiro- Metalfisa'!AP$3,METALFISA!$B:$B,'Faltantes Fevereiro- Metalfisa'!$A134) -> 0 | AR134: =SUMIFS(METALFISA!$E:$E,METALFISA!$A:$A,'Faltantes Fevereiro- Metalfisa'!AR$3,METALFISA!$B:$B,'Faltantes Fevereiro- Metalfisa'!$A134) -> 0 | AS134: =SUMIFS(METALFISA!$E:$E,METALFISA!$A:$A,'Faltantes Fevereiro- Metalfisa'!AS$3,METALFISA!$B:$B,'Faltantes Fevereiro- Metalfisa'!$A134) -> 0 | AU134: 0 | AV134: 0 | AW134: 0 | AX134: 0 | AY134: 0 | AZ134: 0 | BA134: 0 | BB134: 0 | BC134: 0 | BD134: 0 | BE134: 0 | BF134: 0 | BG134: 0 | BH134: 0 | BI134: 0 | BJ134: 0 | BK134: 0 | BL134: 0 | BM134: 0 | BN134: 0 | BO134: 0 | BP134: 0 | BQ134: 0 | BR134: 0 | BS134: 0 | BT134: 0 | BU134: 0 | BV134: 0 | BW134: 0 | BX134: 0 | BY134: 0 | BZ134: 0 | CA134: 0 | CB134: 0 | CC134: 0 | CD134: 0 | CE134: 2 | CF134: 0 | CG134: 0 | CH134: 0 | CI134: 0 | CJ134: 0 | CK134: 0 | CL134: 0
A135: 21.23.02787 | B135: PECA EXTERNA DA PORTA 01 \ AA_7625_02 | C135: 0 | D135: 0 | E135: 0 | F135: 0 | G135: 1 | H135: =IFERROR(VLOOKUP(A135,[1]FALTANTES!$A:$AB,28,FALSE),"-") -> 0 | I135: =IFERROR(VLOOKUP(A135,[1]FALTANTES!$A:$AC,29,FALSE),"-") -> 0 | J135: =IFERROR(VLOOKUP(A135,[1]FALTANTES!$A:$AD,30,FALSE),"-") -> -1 | K135: 0 | L135: =SUM(M135:AS135) -> 33 | M135: =SUMIFS(METALFISA!$E:$E,METALFISA!$A:$A,'Faltantes Fevereiro- Metalfisa'!M$3,METALFISA!$B:$B,'Faltantes Fevereiro- Metalfisa'!$A135) -> 0 | N135: =SUMIFS(METALFISA!$E:$E,METALFISA!$A:$A,'Faltantes Fevereiro- Metalfisa'!N$3,METALFISA!$B:$B,'Faltantes Fevereiro- Metalfisa'!$A135) -> 0 | O135: =SUMIFS(METALFISA!$E:$E,METALFISA!$A:$A,'Faltantes Fevereiro- Metalfisa'!O$3,METALFISA!$B:$B,'Faltantes Fevereiro- Metalfisa'!$A135) -> 0 | P135: =SUMIFS(METALFISA!$E:$E,METALFISA!$A:$A,'Faltantes Fevereiro- Metalfisa'!P$3,METALFISA!$B:$B,'Faltantes Fevereiro- Metalfisa'!$A135) -> 0 | Q135: =SUMIFS(METALFISA!$E:$E,METALFISA!$A:$A,'Faltantes Fevereiro- Metalfisa'!Q$3,METALFISA!$B:$B,'Faltantes Fevereiro- Metalfisa'!$A135) -> 0 | R135: =SUMIFS(METALFISA!$E:$E,METALFISA!$A:$A,'Faltantes Fevereiro- Metalfisa'!R$3,METALFISA!$B:$B,'Faltantes Fevereiro- Metalfisa'!$A135) -> 0 | S135: =SUMIFS(METALFISA!$E:$E,METALFISA!$A:$A,'Faltantes Fevereiro- Metalfisa'!S$3,METALFISA!$B:$B,'Faltantes Fevereiro- Metalfisa'!$A135) -> 1 | T135: =SUMIFS(METALFISA!$E:$E,METALFISA!$A:$A,'Faltantes Fevereiro- Metalfisa'!T$3,METALFISA!$B:$B,'Faltantes Fevereiro- Metalfisa'!$A135) -> 0 | ... AP135: =SUMIFS(METALFISA!$E:$E,METALFISA!$A:$A,'Faltantes Fevereiro- Metalfisa'!AP$3,METALFISA!$B:$B,'Faltantes Fevereiro- Metalfisa'!$A135) -> 0 | AR135: =SUMIFS(METALFISA!$E:$E,METALFISA!$A:$A,'Faltantes Fevereiro- Metalfisa'!AR$3,METALFISA!$B:$B,'Faltantes Fevereiro- Metalfisa'!$A135) -> 0 | AS135: =SUMIFS(METALFISA!$E:$E,METALFISA!$A:$A,'Faltantes Fevereiro- Metalfisa'!AS$3,METALFISA!$B:$B,'Faltantes Fevereiro- Metalfisa'!$A135) -> 0 | AU135: 0 | AV135: 0 | AW135: 0 | AX135: 0 | AY135: 0 | AZ135: 0 | BA135: 0 | BB135: 0 | BC135: 0 | BD135: 0 | BE135: 0 | BF135: 0 | BG135: 0 | BH135: 0 | BI135: 0 | BJ135: 0 | BK135: 0 | BL135: 0 | BM135: 0 | BN135: 0 | BO135: 0 | BP135: 0 | BQ135: 0 | BR135: 0 | BS135: 0 | BT135: 0 | BU135: 0 | BV135: 0 | BW135: 0 | BX135: 0 | BY135: 0 | BZ135: 0 | CA135: 0 | CB135: 0 | CC135: 0 | CD135: 0 | CE135: 2 | CF135: 0 | CG135: 0 | CH135: 0 | CI135: 0 | CJ135: 0 | CK135: 0 | CL135: 0
A136: 21.23.02789 | B136: PECA INTERNA DA PORTA 03 \ AA_7627_00 | C136: 0 | D136: 0 | E136: 0 | F136: 0 | G136: 1 | H136: =IFERROR(VLOOKUP(A136,[1]FALTANTES!$A:$AB,28,FALSE),"-") -> 0 | I136: =IFERROR(VLOOKUP(A136,[1]FALTANTES!$A:$AC,29,FALSE),"-") -> 0 | J136: =IFERROR(VLOOKUP(A136,[1]FALTANTES!$A:$AD,30,FALSE),"-") -> -1 | K136: 0 | L136: =SUM(M136:AS136) -> 33 | M136: =SUMIFS(METALFISA!$E:$E,METALFISA!$A:$A,'Faltantes Fevereiro- Metalfisa'!M$3,METALFISA!$B:$B,'Faltantes Fevereiro- Metalfisa'!$A136) -> 0 | N136: =SUMIFS(METALFISA!$E:$E,METALFISA!$A:$A,'Faltantes Fevereiro- Metalfisa'!N$3,METALFISA!$B:$B,'Faltantes Fevereiro- Metalfisa'!$A136) -> 0 | O136: =SUMIFS(METALFISA!$E:$E,METALFISA!$A:$A,'Faltantes Fevereiro- Metalfisa'!O$3,METALFISA!$B:$B,'Faltantes Fevereiro- Metalfisa'!$A136) -> 0 | P136: =SUMIFS(METALFISA!$E:$E,METALFISA!$A:$A,'Faltantes Fevereiro- Metalfisa'!P$3,METALFISA!$B:$B,'Faltantes Fevereiro- Metalfisa'!$A136) -> 0 | Q136: =SUMIFS(METALFISA!$E:$E,METALFISA!$A:$A,'Faltantes Fevereiro- Metalfisa'!Q$3,METALFISA!$B:$B,'Faltantes Fevereiro- Metalfisa'!$A136) -> 0 | R136: =SUMIFS(METALFISA!$E:$E,METALFISA!$A:$A,'Faltantes Fevereiro- Metalfisa'!R$3,METALFISA!$B:$B,'Faltantes Fevereiro- Metalfisa'!$A136) -> 0 | S136: =SUMIFS(METALFISA!$E:$E,METALFISA!$A:$A,'Faltantes Fevereiro- Metalfisa'!S$3,METALFISA!$B:$B,'Faltantes Fevereiro- Metalfisa'!$A136) -> 0 | T136: =SUMIFS(METALFISA!$E:$E,METALFISA!$A:$A,'Faltantes Fevereiro- Metalfisa'!T$3,METALFISA!$B:$B,'Faltantes Fevereiro- Metalfisa'!$A136) -> 0 | ... AP136: =SUMIFS(METALFISA!$E:$E,METALFISA!$A:$A,'Faltantes Fevereiro- Metalfisa'!AP$3,METALFISA!$B:$B,'Faltantes Fevereiro- Metalfisa'!$A136) -> 0 | AR136: =SUMIFS(METALFISA!$E:$E,METALFISA!$A:$A,'Faltantes Fevereiro- Metalfisa'!AR$3,METALFISA!$B:$B,'Faltantes Fevereiro- Metalfisa'!$A136) -> 0 | AS136: =SUMIFS(METALFISA!$E:$E,METALFISA!$A:$A,'Faltantes Fevereiro- Metalfisa'!AS$3,METALFISA!$B:$B,'Faltantes Fevereiro- Metalfisa'!$A136) -> 0 | AU136: 0 | AV136: 0 | AW136: 0 | AX136: 0 | AY136: 0 | AZ136: 0 | BA136: 0 | BB136: 0 | BC136: 0 | BD136: 0 | BE136: 0 | BF136: 0 | BG136: 0 | BH136: 0 | BI136: 0 | BJ136: 0 | BK136: 0 | BL136: 0 | BM136: 0 | BN136: 0 | BO136: 0 | BP136: 0 | BQ136: 0 | BR136: 0 | BS136: 0 | BT136: 0 | BU136: 0 | BV136: 0 | BW136: 0 | BX136: 0 | BY136: 0 | BZ136: 0 | CA136: 0 | CB136: 0 | CC136: 0 | CD136: 0 | CE136: 2 | CF136: 0 | CG136: 0 | CH136: 0 | CI136: 0 | CJ136: 0 | CK136: 0 | CL136: 0
A137: 21.23.02931 | B137: ACABAMENTO ROLETE LIVRE ESQUERDO 5536 \ AA_5595_01 | C137: 0 | D137: 0 | E137: 0 | F137: 6 | G137: 0 | H137: =IFERROR(VLOOKUP(A137,[1]FALTANTES!$A:$AB,28,FALSE),"-") -> 0 | I137: =IFERROR(VLOOKUP(A137,[1]FALTANTES!$A:$AC,29,FALSE),"-") -> 0 | J137: =IFERROR(VLOOKUP(A137,[1]FALTANTES!$A:$AD,30,FALSE),"-") -> -6 | K137: 0 | L137: =SUM(M137:AS137) -> 8 | M137: =SUMIFS(METALFISA!$E:$E,METALFISA!$A:$A,'Faltantes Fevereiro- Metalfisa'!M$3,METALFISA!$B:$B,'Faltantes Fevereiro- Metalfisa'!$A137) -> 0 | N137: =SUMIFS(METALFISA!$E:$E,METALFISA!$A:$A,'Faltantes Fevereiro- Metalfisa'!N$3,METALFISA!$B:$B,'Faltantes Fevereiro- Metalfisa'!$A137) -> 0 | O137: =SUMIFS(METALFISA!$E:$E,METALFISA!$A:$A,'Faltantes Fevereiro- Metalfisa'!O$3,METALFISA!$B:$B,'Faltantes Fevereiro- Metalfisa'!$A137) -> 0 | P137: =SUMIFS(METALFISA!$E:$E,METALFISA!$A:$A,'Faltantes Fevereiro- Metalfisa'!P$3,METALFISA!$B:$B,'Faltantes Fevereiro- Metalfisa'!$A137) -> 0 | Q137: =SUMIFS(METALFISA!$E:$E,METALFISA!$A:$A,'Faltantes Fevereiro- Metalfisa'!Q$3,METALFISA!$B:$B,'Faltantes Fevereiro- Metalfisa'!$A137) -> 0 | R137: =SUMIFS(METALFISA!$E:$E,METALFISA!$A:$A,'Faltantes Fevereiro- Metalfisa'!R$3,METALFISA!$B:$B,'Faltantes Fevereiro- Metalfisa'!$A137) -> 0 | S137: =SUMIFS(METALFISA!$E:$E,METALFISA!$A:$A,'Faltantes Fevereiro- Metalfisa'!S$3,METALFISA!$B:$B,'Faltantes Fevereiro- Metalfisa'!$A137) -> 0 | T137: =SUMIFS(METALFISA!$E:$E,METALFISA!$A:$A,'Faltantes Fevereiro- Metalfisa'!T$3,METALFISA!$B:$B,'Faltantes Fevereiro- Metalfisa'!$A137) -> 0 | ... AP137: =SUMIFS(METALFISA!$E:$E,METALFISA!$A:$A,'Faltantes Fevereiro- Metalfisa'!AP$3,METALFISA!$B:$B,'Faltantes Fevereiro- Metalfisa'!$A137) -> 0 | AR137: =SUMIFS(METALFISA!$E:$E,METALFISA!$A:$A,'Faltantes Fevereiro- Metalfisa'!AR$3,METALFISA!$B:$B,'Faltantes Fevereiro- Metalfisa'!$A137) -> 0 | AS137: =SUMIFS(METALFISA!$E:$E,METALFISA!$A:$A,'Faltantes Fevereiro- Metalfisa'!AS$3,METALFISA!$B:$B,'Faltantes Fevereiro- Metalfisa'!$A137) -> 0 | AU137: 0 | AV137: 0 | AW137: 0 | AX137: 0 | AY137: 0 | AZ137: 0 | BA137: 0 | BB137: 1 | BC137: 0 | BD137: 0 | BE137: 0 | BF137: 0 | BG137: 0 | BH137: 0 | BI137: 0 | BJ137: 0 | BK137: 0 | BL137: 0 | BM137: 0 | BN137: 0 | BO137: 0 | BP137: 0 | BQ137: 0 | BR137: 0 | BS137: 0 | BT137: 0 | BU137: 0 | BV137: 0 | BW137: 0 | BX137: 0 | BY137: 0 | BZ137: 0 | CA137: 0 | CB137: 0 | CC137: 0 | CD137: 0 | CE137: 0 | CF137: 0 | CG137: 0 | CH137: 0 | CI137: 0 | CJ137: 0 | CK137: 0 | CL137: 0
A138: 21.23.03300 | B138: DISTANCIADOR ROLETE LIVRE \ 03_0218_00 | C138: 0 | D138: 0 | E138: 0 | F138: 0 | G138: 20 | H138: =IFERROR(VLOOKUP(A138,[1]FALTANTES!$A:$AB,28,FALSE),"-") -> 0 | I138: =IFERROR(VLOOKUP(A138,[1]FALTANTES!$A:$AC,29,FALSE),"-") -> 0 | J138: =IFERROR(VLOOKUP(A138,[1]FALTANTES!$A:$AD,30,FALSE),"-") -> -20 | K138: 0 | L138: =SUM(M138:AS138) -> 60 | M138: =SUMIFS(METALFISA!$E:$E,METALFISA!$A:$A,'Faltantes Fevereiro- Metalfisa'!M$3,METALFISA!$B:$B,'Faltantes Fevereiro- Metalfisa'!$A138) -> 0 | N138: =SUMIFS(METALFISA!$E:$E,METALFISA!$A:$A,'Faltantes Fevereiro- Metalfisa'!N$3,METALFISA!$B:$B,'Faltantes Fevereiro- Metalfisa'!$A138) -> 0 | O138: =SUMIFS(METALFISA!$E:$E,METALFISA!$A:$A,'Faltantes Fevereiro- Metalfisa'!O$3,METALFISA!$B:$B,'Faltantes Fevereiro- Metalfisa'!$A138) -> 0 | P138: =SUMIFS(METALFISA!$E:$E,METALFISA!$A:$A,'Faltantes Fevereiro- Metalfisa'!P$3,METALFISA!$B:$B,'Faltantes Fevereiro- Metalfisa'!$A138) -> 0 | Q138: =SUMIFS(METALFISA!$E:$E,METALFISA!$A:$A,'Faltantes Fevereiro- Metalfisa'!Q$3,METALFISA!$B:$B,'Faltantes Fevereiro- Metalfisa'!$A138) -> 0 | R138: =SUMIFS(METALFISA!$E:$E,METALFISA!$A:$A,'Faltantes Fevereiro- Metalfisa'!R$3,METALFISA!$B:$B,'Faltantes Fevereiro- Metalfisa'!$A138) -> 0 | S138: =SUMIFS(METALFISA!$E:$E,METALFISA!$A:$A,'Faltantes Fevereiro- Metalfisa'!S$3,METALFISA!$B:$B,'Faltantes Fevereiro- Metalfisa'!$A138) -> 0 | T138: =SUMIFS(METALFISA!$E:$E,METALFISA!$A:$A,'Faltantes Fevereiro- Metalfisa'!T$3,METALFISA!$B:$B,'Faltantes Fevereiro- Metalfisa'!$A138) -> 0 | ... AP138: =SUMIFS(METALFISA!$E:$E,METALFISA!$A:$A,'Faltantes Fevereiro- Metalfisa'!AP$3,METALFISA!$B:$B,'Faltantes Fevereiro- Metalfisa'!$A138) -> 0 | AR138: =SUMIFS(METALFISA!$E:$E,METALFISA!$A:$A,'Faltantes Fevereiro- Metalfisa'!AR$3,METALFISA!$B:$B,'Faltantes Fevereiro- Metalfisa'!$A138) -> 0 | AS138: =SUMIFS(METALFISA!$E:$E,METALFISA!$A:$A,'Faltantes Fevereiro- Metalfisa'!AS$3,METALFISA!$B:$B,'Faltantes Fevereiro- Metalfisa'!$A138) -> 0 | AU138: 0 | AV138: 0 | AW138: 0 | AX138: 0 | AY138: 0 | AZ138: 0 | BA138: 0 | BB138: 0 | BC138: 0 | BD138: 0 | BE138: 0 | BF138: 2 | BG138: 0 | BH138: 0 | BI138: 0 | BJ138: 0 | BK138: 0 | BL138: 0 | BM138: 0 | BN138: 0 | BO138: 0 | BP138: 0 | BQ138: 0 | BR138: 0 | BS138: 0 | BT138: 0 | BU138: 0 | BV138: 0 | BW138: 0 | BX138: 2 | BY138: 0 | BZ138: 0 | CA138: 0 | CB138: 0 | CC138: 0 | CD138: 0 | CE138: 0 | CF138: 0 | CG138: 0 | CH138: 0 | CI138: 0 | CJ138: 0 | CK138: 0 | CL138: 0
A139: 21.23.03328 | B139: MAO FRANCESA \ 03_0281_00 | C139: 1 | D139: 0 | E139: 0 | F139: 0 | G139: 3 | H139: =IFERROR(VLOOKUP(A139,[1]FALTANTES!$A:$AB,28,FALSE),"-") -> 1 | I139: =IFERROR(VLOOKUP(A139,[1]FALTANTES!$A:$AC,29,FALSE),"-") -> 1 | J139: =IFERROR(VLOOKUP(A139,[1]FALTANTES!$A:$AD,30,FALSE),"-") -> -3 | L139: =SUM(M139:AS139) -> 23 | M139: =SUMIFS(METALFISA!$E:$E,METALFISA!$A:$A,'Faltantes Fevereiro- Metalfisa'!M$3,METALFISA!$B:$B,'Faltantes Fevereiro- Metalfisa'!$A139) -> 0 | N139: =SUMIFS(METALFISA!$E:$E,METALFISA!$A:$A,'Faltantes Fevereiro- Metalfisa'!N$3,METALFISA!$B:$B,'Faltantes Fevereiro- Metalfisa'!$A139) -> 0 | O139: =SUMIFS(METALFISA!$E:$E,METALFISA!$A:$A,'Faltantes Fevereiro- Metalfisa'!O$3,METALFISA!$B:$B,'Faltantes Fevereiro- Metalfisa'!$A139) -> 0 | P139: =SUMIFS(METALFISA!$E:$E,METALFISA!$A:$A,'Faltantes Fevereiro- Metalfisa'!P$3,METALFISA!$B:$B,'Faltantes Fevereiro- Metalfisa'!$A139) -> 0 | Q139: =SUMIFS(METALFISA!$E:$E,METALFISA!$A:$A,'Faltantes Fevereiro- Metalfisa'!Q$3,METALFISA!$B:$B,'Faltantes Fevereiro- Metalfisa'!$A139) -> 0 | R139: =SUMIFS(METALFISA!$E:$E,METALFISA!$A:$A,'Faltantes Fevereiro- Metalfisa'!R$3,METALFISA!$B:$B,'Faltantes Fevereiro- Metalfisa'!$A139) -> 0 | S139: =SUMIFS(METALFISA!$E:$E,METALFISA!$A:$A,'Faltantes Fevereiro- Metalfisa'!S$3,METALFISA!$B:$B,'Faltantes Fevereiro- Metalfisa'!$A139) -> 0 | T139: =SUMIFS(METALFISA!$E:$E,METALFISA!$A:$A,'Faltantes Fevereiro- Metalfisa'!T$3,METALFISA!$B:$B,'Faltantes Fevereiro- Metalfisa'!$A139) -> 0 | ... AP139: =SUMIFS(METALFISA!$E:$E,METALFISA!$A:$A,'Faltantes Fevereiro- Metalfisa'!AP$3,METALFISA!$B:$B,'Faltantes Fevereiro- Metalfisa'!$A139) -> 0 | AR139: =SUMIFS(METALFISA!$E:$E,METALFISA!$A:$A,'Faltantes Fevereiro- Metalfisa'!AR$3,METALFISA!$B:$B,'Faltantes Fevereiro- Metalfisa'!$A139) -> 0 | AS139: =SUMIFS(METALFISA!$E:$E,METALFISA!$A:$A,'Faltantes Fevereiro- Metalfisa'!AS$3,METALFISA!$B:$B,'Faltantes Fevereiro- Metalfisa'!$A139) -> 0 | AU139: 0 | AV139: 0 | AW139: 0 | AX139: 0 | AY139: 0 | AZ139: 0 | BA139: 0 | BB139: 0 | BC139: 0 | BD139: 0 | BE139: 0 | BF139: 0 | BG139: 0 | BH139: 1 | BI139: 0 | BJ139: 0 | BK139: 0 | BL139: 0 | BM139: 0 | BN139: 0 | BO139: 0 | BP139: 0 | BQ139: 0 | BR139: 0 | BS139: 0 | BT139: 0 | BU139: 0 | BV139: 0 | BW139: 0 | BX139: 0 | BY139: 1 | BZ139: 0 | CA139: 0 | CB139: 0 | CC139: 0 | CD139: 0 | CE139: 0 | CF139: 0 | CG139: 0 | CH139: 0 | CI139: 0 | CJ139: 0 | CK139: 0 | CL139: 0
A140: 21.23.03329 | B140: MAO FRANCESA \ 03_0282_00 | C140: 1 | D140: 0 | E140: 0 | F140: 0 | G140: 3 | H140: =IFERROR(VLOOKUP(A140,[1]FALTANTES!$A:$AB,28,FALSE),"-") -> 1 | I140: =IFERROR(VLOOKUP(A140,[1]FALTANTES!$A:$AC,29,FALSE),"-") -> 1 | J140: =IFERROR(VLOOKUP(A140,[1]FALTANTES!$A:$AD,30,FALSE),"-") -> -3 | L140: =SUM(M140:AS140) -> 30 | M140: =SUMIFS(METALFISA!$E:$E,METALFISA!$A:$A,'Faltantes Fevereiro- Metalfisa'!M$3,METALFISA!$B:$B,'Faltantes Fevereiro- Metalfisa'!$A140) -> 0 | N140: =SUMIFS(METALFISA!$E:$E,METALFISA!$A:$A,'Faltantes Fevereiro- Metalfisa'!N$3,METALFISA!$B:$B,'Faltantes Fevereiro- Metalfisa'!$A140) -> 0 | O140: =SUMIFS(METALFISA!$E:$E,METALFISA!$A:$A,'Faltantes Fevereiro- Metalfisa'!O$3,METALFISA!$B:$B,'Faltantes Fevereiro- Metalfisa'!$A140) -> 0 | P140: =SUMIFS(METALFISA!$E:$E,METALFISA!$A:$A,'Faltantes Fevereiro- Metalfisa'!P$3,METALFISA!$B:$B,'Faltantes Fevereiro- Metalfisa'!$A140) -> 0 | Q140: =SUMIFS(METALFISA!$E:$E,METALFISA!$A:$A,'Faltantes Fevereiro- Metalfisa'!Q$3,METALFISA!$B:$B,'Faltantes Fevereiro- Metalfisa'!$A140) -> 0 | R140: =SUMIFS(METALFISA!$E:$E,METALFISA!$A:$A,'Faltantes Fevereiro- Metalfisa'!R$3,METALFISA!$B:$B,'Faltantes Fevereiro- Metalfisa'!$A140) -> 0 | S140: =SUMIFS(METALFISA!$E:$E,METALFISA!$A:$A,'Faltantes Fevereiro- Metalfisa'!S$3,METALFISA!$B:$B,'Faltantes Fevereiro- Metalfisa'!$A140) -> 0 | T140: =SUMIFS(METALFISA!$E:$E,METALFISA!$A:$A,'Faltantes Fevereiro- Metalfisa'!T$3,METALFISA!$B:$B,'Faltantes Fevereiro- Metalfisa'!$A140) -> 0 | ... AP140: =SUMIFS(METALFISA!$E:$E,METALFISA!$A:$A,'Faltantes Fevereiro- Metalfisa'!AP$3,METALFISA!$B:$B,'Faltantes Fevereiro- Metalfisa'!$A140) -> 0 | AR140: =SUMIFS(METALFISA!$E:$E,METALFISA!$A:$A,'Faltantes Fevereiro- Metalfisa'!AR$3,METALFISA!$B:$B,'Faltantes Fevereiro- Metalfisa'!$A140) -> 0 | AS140: =SUMIFS(METALFISA!$E:$E,METALFISA!$A:$A,'Faltantes Fevereiro- Metalfisa'!AS$3,METALFISA!$B:$B,'Faltantes Fevereiro- Metalfisa'!$A140) -> 0 | AU140: 0 | AV140: 0 | AW140: 0 | AX140: 0 | AY140: 0 | AZ140: 0 | BA140: 0 | BB140: 0 | BC140: 0 | BD140: 0 | BE140: 0 | BF140: 0 | BG140: 0 | BH140: 1 | BI140: 0 | BJ140: 0 | BK140: 0 | BL140: 0 | BM140: 0 | BN140: 0 | BO140: 0 | BP140: 0 | BQ140: 0 | BR140: 0 | BS140: 0 | BT140: 0 | BU140: 0 | BV140: 0 | BW140: 0 | BX140: 0 | BY140: 1 | BZ140: 0 | CA140: 0 | CB140: 0 | CC140: 0 | CD140: 0 | CE140: 0 | CF140: 0 | CG140: 0 | CH140: 0 | CI140: 0 | CJ140: 0 | CK140: 0 | CL140: 0
A141: 21.23.03392 | B141: FECHAMENTO DO ACESSO ELETRICO \ 03_0522_01 | C141: 0 | D141: 0 | E141: 0 | F141: 0 | G141: 9 | H141: =IFERROR(VLOOKUP(A141,[1]FALTANTES!$A:$AB,28,FALSE),"-") -> 0 | I141: =IFERROR(VLOOKUP(A141,[1]FALTANTES!$A:$AC,29,FALSE),"-") -> 0 | J141: =IFERROR(VLOOKUP(A141,[1]FALTANTES!$A:$AD,30,FALSE),"-") -> -9 | K141: 0 | L141: =SUM(M141:AS141) -> 36 | M141: =SUMIFS(METALFISA!$E:$E,METALFISA!$A:$A,'Faltantes Fevereiro- Metalfisa'!M$3,METALFISA!$B:$B,'Faltantes Fevereiro- Metalfisa'!$A141) -> 0 | N141: =SUMIFS(METALFISA!$E:$E,METALFISA!$A:$A,'Faltantes Fevereiro- Metalfisa'!N$3,METALFISA!$B:$B,'Faltantes Fevereiro- Metalfisa'!$A141) -> 0 | O141: =SUMIFS(METALFISA!$E:$E,METALFISA!$A:$A,'Faltantes Fevereiro- Metalfisa'!O$3,METALFISA!$B:$B,'Faltantes Fevereiro- Metalfisa'!$A141) -> 0 | P141: =SUMIFS(METALFISA!$E:$E,METALFISA!$A:$A,'Faltantes Fevereiro- Metalfisa'!P$3,METALFISA!$B:$B,'Faltantes Fevereiro- Metalfisa'!$A141) -> 0 | Q141: =SUMIFS(METALFISA!$E:$E,METALFISA!$A:$A,'Faltantes Fevereiro- Metalfisa'!Q$3,METALFISA!$B:$B,'Faltantes Fevereiro- Metalfisa'!$A141) -> 0 | R141: =SUMIFS(METALFISA!$E:$E,METALFISA!$A:$A,'Faltantes Fevereiro- Metalfisa'!R$3,METALFISA!$B:$B,'Faltantes Fevereiro- Metalfisa'!$A141) -> 0 | S141: =SUMIFS(METALFISA!$E:$E,METALFISA!$A:$A,'Faltantes Fevereiro- Metalfisa'!S$3,METALFISA!$B:$B,'Faltantes Fevereiro- Metalfisa'!$A141) -> 0 | T141: =SUMIFS(METALFISA!$E:$E,METALFISA!$A:$A,'Faltantes Fevereiro- Metalfisa'!T$3,METALFISA!$B:$B,'Faltantes Fevereiro- Metalfisa'!$A141) -> 0 | ... AP141: =SUMIFS(METALFISA!$E:$E,METALFISA!$A:$A,'Faltantes Fevereiro- Metalfisa'!AP$3,METALFISA!$B:$B,'Faltantes Fevereiro- Metalfisa'!$A141) -> 0 | AR141: =SUMIFS(METALFISA!$E:$E,METALFISA!$A:$A,'Faltantes Fevereiro- Metalfisa'!AR$3,METALFISA!$B:$B,'Faltantes Fevereiro- Metalfisa'!$A141) -> 0 | AS141: =SUMIFS(METALFISA!$E:$E,METALFISA!$A:$A,'Faltantes Fevereiro- Metalfisa'!AS$3,METALFISA!$B:$B,'Faltantes Fevereiro- Metalfisa'!$A141) -> 0 | AU141: 0 | AV141: 0 | AW141: 0 | AX141: 0 | AY141: 0 | AZ141: 0 | BA141: 0 | BB141: 0 | BC141: 0 | BD141: 0 | BE141: 0 | BF141: 1 | BG141: 0 | BH141: 1 | BI141: 0 | BJ141: 0 | BK141: 0 | BL141: 0 | BM141: 0 | BN141: 0 | BO141: 0 | BP141: 0 | BQ141: 0 | BR141: 0 | BS141: 0 | BT141: 0 | BU141: 0 | BV141: 0 | BW141: 0 | BX141: 1 | BY141: 1 | BZ141: 0 | CA141: 0 | CB141: 0 | CC141: 0 | CD141: 0 | CE141: 0 | CF141: 0 | CG141: 0 | CH141: 0 | CI141: 0 | CJ141: 0 | CK141: 0 | CL141: 0
A142: 21.23.03666 | B142: PAINEL ELETRICO FLATSCAN \ AA_5732_02 | C142: 0 | D142: 0 | E142: 0 | F142: 0 | G142: 3 | H142: =IFERROR(VLOOKUP(A142,[1]FALTANTES!$A:$AB,28,FALSE),"-") -> 0 | I142: =IFERROR(VLOOKUP(A142,[1]FALTANTES!$A:$AC,29,FALSE),"-") -> 0 | J142: =IFERROR(VLOOKUP(A142,[1]FALTANTES!$A:$AD,30,FALSE),"-") -> -3 | K142: 0 | L142: =SUM(M142:AS142) -> 3 | M142: =SUMIFS(METALFISA!$E:$E,METALFISA!$A:$A,'Faltantes Fevereiro- Metalfisa'!M$3,METALFISA!$B:$B,'Faltantes Fevereiro- Metalfisa'!$A142) -> 0 | N142: =SUMIFS(METALFISA!$E:$E,METALFISA!$A:$A,'Faltantes Fevereiro- Metalfisa'!N$3,METALFISA!$B:$B,'Faltantes Fevereiro- Metalfisa'!$A142) -> 0 | O142: =SUMIFS(METALFISA!$E:$E,METALFISA!$A:$A,'Faltantes Fevereiro- Metalfisa'!O$3,METALFISA!$B:$B,'Faltantes Fevereiro- Metalfisa'!$A142) -> 0 | P142: =SUMIFS(METALFISA!$E:$E,METALFISA!$A:$A,'Faltantes Fevereiro- Metalfisa'!P$3,METALFISA!$B:$B,'Faltantes Fevereiro- Metalfisa'!$A142) -> 0 | Q142: =SUMIFS(METALFISA!$E:$E,METALFISA!$A:$A,'Faltantes Fevereiro- Metalfisa'!Q$3,METALFISA!$B:$B,'Faltantes Fevereiro- Metalfisa'!$A142) -> 0 | R142: =SUMIFS(METALFISA!$E:$E,METALFISA!$A:$A,'Faltantes Fevereiro- Metalfisa'!R$3,METALFISA!$B:$B,'Faltantes Fevereiro- Metalfisa'!$A142) -> 0 | S142: =SUMIFS(METALFISA!$E:$E,METALFISA!$A:$A,'Faltantes Fevereiro- Metalfisa'!S$3,METALFISA!$B:$B,'Faltantes Fevereiro- Metalfisa'!$A142) -> 0 | T142: =SUMIFS(METALFISA!$E:$E,METALFISA!$A:$A,'Faltantes Fevereiro- Metalfisa'!T$3,METALFISA!$B:$B,'Faltantes Fevereiro- Metalfisa'!$A142) -> 0 | ... AP142: =SUMIFS(METALFISA!$E:$E,METALFISA!$A:$A,'Faltantes Fevereiro- Metalfisa'!AP$3,METALFISA!$B:$B,'Faltantes Fevereiro- Metalfisa'!$A142) -> 0 | AR142: =SUMIFS(METALFISA!$E:$E,METALFISA!$A:$A,'Faltantes Fevereiro- Metalfisa'!AR$3,METALFISA!$B:$B,'Faltantes Fevereiro- Metalfisa'!$A142) -> 0 | AS142: =SUMIFS(METALFISA!$E:$E,METALFISA!$A:$A,'Faltantes Fevereiro- Metalfisa'!AS$3,METALFISA!$B:$B,'Faltantes Fevereiro- Metalfisa'!$A142) -> 0 | AU142: 0 | AV142: 0 | AW142: 0 | AX142: 0 | AY142: 0 | AZ142: 0 | BA142: 0 | BB142: 0 | BC142: 0 | BD142: 0 | BE142: 0 | BF142: 0 | BG142: 0 | BH142: 0 | BI142: 0 | BJ142: 0 | BK142: 0 | BL142: 0 | BM142: 1 | BN142: 0 | BO142: 0 | BP142: 0 | BQ142: 0 | BR142: 0 | BS142: 0 | BT142: 0 | BU142: 0 | BV142: 0 | BW142: 0 | BX142: 0 | BY142: 0 | BZ142: 0 | CA142: 0 | CB142: 0 | CC142: 0 | CD142: 0 | CE142: 0 | CF142: 0 | CG142: 0 | CH142: 0 | CI142: 0 | CJ142: 0 | CK142: 0 | CL142: 0
A143: 21.23.03667 | B143: ESTICADOR DA CORREIA \ AA_5733_00 | C143: 0 | D143: 0 | E143: 0 | F143: 0 | G143: 6 | H143: =IFERROR(VLOOKUP(A143,[1]FALTANTES!$A:$AB,28,FALSE),"-") -> 0 | I143: =IFERROR(VLOOKUP(A143,[1]FALTANTES!$A:$AC,29,FALSE),"-") -> 0 | J143: =IFERROR(VLOOKUP(A143,[1]FALTANTES!$A:$AD,30,FALSE),"-") -> -6 | K143: 0 | L143: =SUM(M143:AS143) -> 6 | M143: =SUMIFS(METALFISA!$E:$E,METALFISA!$A:$A,'Faltantes Fevereiro- Metalfisa'!M$3,METALFISA!$B:$B,'Faltantes Fevereiro- Metalfisa'!$A143) -> 0 | N143: =SUMIFS(METALFISA!$E:$E,METALFISA!$A:$A,'Faltantes Fevereiro- Metalfisa'!N$3,METALFISA!$B:$B,'Faltantes Fevereiro- Metalfisa'!$A143) -> 0 | O143: =SUMIFS(METALFISA!$E:$E,METALFISA!$A:$A,'Faltantes Fevereiro- Metalfisa'!O$3,METALFISA!$B:$B,'Faltantes Fevereiro- Metalfisa'!$A143) -> 0 | P143: =SUMIFS(METALFISA!$E:$E,METALFISA!$A:$A,'Faltantes Fevereiro- Metalfisa'!P$3,METALFISA!$B:$B,'Faltantes Fevereiro- Metalfisa'!$A143) -> 0 | Q143: =SUMIFS(METALFISA!$E:$E,METALFISA!$A:$A,'Faltantes Fevereiro- Metalfisa'!Q$3,METALFISA!$B:$B,'Faltantes Fevereiro- Metalfisa'!$A143) -> 0 | R143: =SUMIFS(METALFISA!$E:$E,METALFISA!$A:$A,'Faltantes Fevereiro- Metalfisa'!R$3,METALFISA!$B:$B,'Faltantes Fevereiro- Metalfisa'!$A143) -> 0 | S143: =SUMIFS(METALFISA!$E:$E,METALFISA!$A:$A,'Faltantes Fevereiro- Metalfisa'!S$3,METALFISA!$B:$B,'Faltantes Fevereiro- Metalfisa'!$A143) -> 0 | T143: =SUMIFS(METALFISA!$E:$E,METALFISA!$A:$A,'Faltantes Fevereiro- Metalfisa'!T$3,METALFISA!$B:$B,'Faltantes Fevereiro- Metalfisa'!$A143) -> 0 | ... AP143: =SUMIFS(METALFISA!$E:$E,METALFISA!$A:$A,'Faltantes Fevereiro- Metalfisa'!AP$3,METALFISA!$B:$B,'Faltantes Fevereiro- Metalfisa'!$A143) -> 0 | AR143: =SUMIFS(METALFISA!$E:$E,METALFISA!$A:$A,'Faltantes Fevereiro- Metalfisa'!AR$3,METALFISA!$B:$B,'Faltantes Fevereiro- Metalfisa'!$A143) -> 0 | AS143: =SUMIFS(METALFISA!$E:$E,METALFISA!$A:$A,'Faltantes Fevereiro- Metalfisa'!AS$3,METALFISA!$B:$B,'Faltantes Fevereiro- Metalfisa'!$A143) -> 0 | AU143: 0 | AV143: 0 | AW143: 0 | AX143: 0 | AY143: 0 | AZ143: 0 | BA143: 0 | BB143: 0 | BC143: 0 | BD143: 0 | BE143: 0 | BF143: 0 | BG143: 0 | BH143: 0 | BI143: 0 | BJ143: 0 | BK143: 0 | BL143: 0 | BM143: 2 | BN143: 0 | BO143: 0 | BP143: 0 | BQ143: 0 | BR143: 0 | BS143: 0 | BT143: 0 | BU143: 0 | BV143: 0 | BW143: 0 | BX143: 0 | BY143: 0 | BZ143: 0 | CA143: 0 | CB143: 0 | CC143: 0 | CD143: 0 | CE143: 0 | CF143: 0 | CG143: 0 | CH143: 0 | CI143: 0 | CJ143: 0 | CK143: 0 | CL143: 0
A144: 21.23.03668 | B144: DISTANCIADOR DO CHUMBO CARRINHO \ AA_5735_00 | C144: 0 | D144: 0 | E144: 0 | F144: 0 | G144: 4 | H144: =IFERROR(VLOOKUP(A144,[1]FALTANTES!$A:$AB,28,FALSE),"-") -> 0 | I144: =IFERROR(VLOOKUP(A144,[1]FALTANTES!$A:$AC,29,FALSE),"-") -> 0 | J144: =IFERROR(VLOOKUP(A144,[1]FALTANTES!$A:$AD,30,FALSE),"-") -> -4 | K144: 0 | L144: =SUM(M144:AS144) -> 4 | M144: =SUMIFS(METALFISA!$E:$E,METALFISA!$A:$A,'Faltantes Fevereiro- Metalfisa'!M$3,METALFISA!$B:$B,'Faltantes Fevereiro- Metalfisa'!$A144) -> 0 | N144: =SUMIFS(METALFISA!$E:$E,METALFISA!$A:$A,'Faltantes Fevereiro- Metalfisa'!N$3,METALFISA!$B:$B,'Faltantes Fevereiro- Metalfisa'!$A144) -> 0 | O144: =SUMIFS(METALFISA!$E:$E,METALFISA!$A:$A,'Faltantes Fevereiro- Metalfisa'!O$3,METALFISA!$B:$B,'Faltantes Fevereiro- Metalfisa'!$A144) -> 0 | P144: =SUMIFS(METALFISA!$E:$E,METALFISA!$A:$A,'Faltantes Fevereiro- Metalfisa'!P$3,METALFISA!$B:$B,'Faltantes Fevereiro- Metalfisa'!$A144) -> 0 | Q144: =SUMIFS(METALFISA!$E:$E,METALFISA!$A:$A,'Faltantes Fevereiro- Metalfisa'!Q$3,METALFISA!$B:$B,'Faltantes Fevereiro- Metalfisa'!$A144) -> 0 | R144: =SUMIFS(METALFISA!$E:$E,METALFISA!$A:$A,'Faltantes Fevereiro- Metalfisa'!R$3,METALFISA!$B:$B,'Faltantes Fevereiro- Metalfisa'!$A144) -> 0 | S144: =SUMIFS(METALFISA!$E:$E,METALFISA!$A:$A,'Faltantes Fevereiro- Metalfisa'!S$3,METALFISA!$B:$B,'Faltantes Fevereiro- Metalfisa'!$A144) -> 0 | T144: =SUMIFS(METALFISA!$E:$E,METALFISA!$A:$A,'Faltantes Fevereiro- Metalfisa'!T$3,METALFISA!$B:$B,'Faltantes Fevereiro- Metalfisa'!$A144) -> 0 | ... AP144: =SUMIFS(METALFISA!$E:$E,METALFISA!$A:$A,'Faltantes Fevereiro- Metalfisa'!AP$3,METALFISA!$B:$B,'Faltantes Fevereiro- Metalfisa'!$A144) -> 0 | AR144: =SUMIFS(METALFISA!$E:$E,METALFISA!$A:$A,'Faltantes Fevereiro- Metalfisa'!AR$3,METALFISA!$B:$B,'Faltantes Fevereiro- Metalfisa'!$A144) -> 0 | AS144: =SUMIFS(METALFISA!$E:$E,METALFISA!$A:$A,'Faltantes Fevereiro- Metalfisa'!AS$3,METALFISA!$B:$B,'Faltantes Fevereiro- Metalfisa'!$A144) -> 0 | AU144: 0 | AV144: 0 | AW144: 0 | AX144: 0 | AY144: 0 | AZ144: 0 | BA144: 0 | BB144: 0 | BC144: 0 | BD144: 0 | BE144: 0 | BF144: 0 | BG144: 0 | BH144: 0 | BI144: 0 | BJ144: 0 | BK144: 0 | BL144: 0 | BM144: 2 | BN144: 0 | BO144: 0 | BP144: 0 | BQ144: 0 | BR144: 0 | BS144: 0 | BT144: 0 | BU144: 0 | BV144: 0 | BW144: 0 | BX144: 0 | BY144: 0 | BZ144: 0 | CA144: 0 | CB144: 0 | CC144: 0 | CD144: 0 | CE144: 0 | CF144: 0 | CG144: 0 | CH144: 0 | CI144: 0 | CJ144: 0 | CK144: 0 | CL144: 0
A145: 21.23.03669 | B145: CORPO SUPERIOR CAMERA MULTILASER \ AA_5736_00 | C145: 0 | D145: 0 | E145: 0 | F145: 0 | G145: 2 | H145: =IFERROR(VLOOKUP(A145,[1]FALTANTES!$A:$AB,28,FALSE),"-") -> 0 | I145: =IFERROR(VLOOKUP(A145,[1]FALTANTES!$A:$AC,29,FALSE),"-") -> 0 | J145: =IFERROR(VLOOKUP(A145,[1]FALTANTES!$A:$AD,30,FALSE),"-") -> -2 | K145: 0 | L145: =SUM(M145:AS145) -> 2 | M145: =SUMIFS(METALFISA!$E:$E,METALFISA!$A:$A,'Faltantes Fevereiro- Metalfisa'!M$3,METALFISA!$B:$B,'Faltantes Fevereiro- Metalfisa'!$A145) -> 0 | N145: =SUMIFS(METALFISA!$E:$E,METALFISA!$A:$A,'Faltantes Fevereiro- Metalfisa'!N$3,METALFISA!$B:$B,'Faltantes Fevereiro- Metalfisa'!$A145) -> 0 | O145: =SUMIFS(METALFISA!$E:$E,METALFISA!$A:$A,'Faltantes Fevereiro- Metalfisa'!O$3,METALFISA!$B:$B,'Faltantes Fevereiro- Metalfisa'!$A145) -> 0 | P145: =SUMIFS(METALFISA!$E:$E,METALFISA!$A:$A,'Faltantes Fevereiro- Metalfisa'!P$3,METALFISA!$B:$B,'Faltantes Fevereiro- Metalfisa'!$A145) -> 0 | Q145: =SUMIFS(METALFISA!$E:$E,METALFISA!$A:$A,'Faltantes Fevereiro- Metalfisa'!Q$3,METALFISA!$B:$B,'Faltantes Fevereiro- Metalfisa'!$A145) -> 0 | R145: =SUMIFS(METALFISA!$E:$E,METALFISA!$A:$A,'Faltantes Fevereiro- Metalfisa'!R$3,METALFISA!$B:$B,'Faltantes Fevereiro- Metalfisa'!$A145) -> 0 | S145: =SUMIFS(METALFISA!$E:$E,METALFISA!$A:$A,'Faltantes Fevereiro- Metalfisa'!S$3,METALFISA!$B:$B,'Faltantes Fevereiro- Metalfisa'!$A145) -> 0 | T145: =SUMIFS(METALFISA!$E:$E,METALFISA!$A:$A,'Faltantes Fevereiro- Metalfisa'!T$3,METALFISA!$B:$B,'Faltantes Fevereiro- Metalfisa'!$A145) -> 0 | ... AP145: =SUMIFS(METALFISA!$E:$E,METALFISA!$A:$A,'Faltantes Fevereiro- Metalfisa'!AP$3,METALFISA!$B:$B,'Faltantes Fevereiro- Metalfisa'!$A145) -> 0 | AR145: =SUMIFS(METALFISA!$E:$E,METALFISA!$A:$A,'Faltantes Fevereiro- Metalfisa'!AR$3,METALFISA!$B:$B,'Faltantes Fevereiro- Metalfisa'!$A145) -> 0 | AS145: =SUMIFS(METALFISA!$E:$E,METALFISA!$A:$A,'Faltantes Fevereiro- Metalfisa'!AS$3,METALFISA!$B:$B,'Faltantes Fevereiro- Metalfisa'!$A145) -> 0 | AU145: 0 | AV145: 0 | AW145: 0 | AX145: 0 | AY145: 0 | AZ145: 0 | BA145: 0 | BB145: 0 | BC145: 0 | BD145: 0 | BE145: 0 | BF145: 0 | BG145: 0 | BH145: 0 | BI145: 0 | BJ145: 0 | BK145: 0 | BL145: 0 | BM145: 1 | BN145: 0 | BO145: 0 | BP145: 0 | BQ145: 0 | BR145: 0 | BS145: 0 | BT145: 0 | BU145: 0 | BV145: 0 | BW145: 0 | BX145: 0 | BY145: 0 | BZ145: 0 | CA145: 0 | CB145: 0 | CC145: 0 | CD145: 0 | CE145: 0 | CF145: 0 | CG145: 0 | CH145: 0 | CI145: 0 | CJ145: 0 | CK145: 0 | CL145: 0
A146: 21.23.03670 | B146: CALCO PARA MOTOR FLATPANEL \ AA_5739_00 | C146: 0 | D146: 0 | E146: 0 | F146: 0 | G146: 2 | H146: =IFERROR(VLOOKUP(A146,[1]FALTANTES!$A:$AB,28,FALSE),"-") -> 0 | I146: =IFERROR(VLOOKUP(A146,[1]FALTANTES!$A:$AC,29,FALSE),"-") -> 0 | J146: =IFERROR(VLOOKUP(A146,[1]FALTANTES!$A:$AD,30,FALSE),"-") -> -2 | K146: 0 | L146: =SUM(M146:AS146) -> 2 | M146: =SUMIFS(METALFISA!$E:$E,METALFISA!$A:$A,'Faltantes Fevereiro- Metalfisa'!M$3,METALFISA!$B:$B,'Faltantes Fevereiro- Metalfisa'!$A146) -> 0 | N146: =SUMIFS(METALFISA!$E:$E,METALFISA!$A:$A,'Faltantes Fevereiro- Metalfisa'!N$3,METALFISA!$B:$B,'Faltantes Fevereiro- Metalfisa'!$A146) -> 0 | O146: =SUMIFS(METALFISA!$E:$E,METALFISA!$A:$A,'Faltantes Fevereiro- Metalfisa'!O$3,METALFISA!$B:$B,'Faltantes Fevereiro- Metalfisa'!$A146) -> 0 | P146: =SUMIFS(METALFISA!$E:$E,METALFISA!$A:$A,'Faltantes Fevereiro- Metalfisa'!P$3,METALFISA!$B:$B,'Faltantes Fevereiro- Metalfisa'!$A146) -> 0 | Q146: =SUMIFS(METALFISA!$E:$E,METALFISA!$A:$A,'Faltantes Fevereiro- Metalfisa'!Q$3,METALFISA!$B:$B,'Faltantes Fevereiro- Metalfisa'!$A146) -> 0 | R146: =SUMIFS(METALFISA!$E:$E,METALFISA!$A:$A,'Faltantes Fevereiro- Metalfisa'!R$3,METALFISA!$B:$B,'Faltantes Fevereiro- Metalfisa'!$A146) -> 0 | S146: =SUMIFS(METALFISA!$E:$E,METALFISA!$A:$A,'Faltantes Fevereiro- Metalfisa'!S$3,METALFISA!$B:$B,'Faltantes Fevereiro- Metalfisa'!$A146) -> 0 | T146: =SUMIFS(METALFISA!$E:$E,METALFISA!$A:$A,'Faltantes Fevereiro- Metalfisa'!T$3,METALFISA!$B:$B,'Faltantes Fevereiro- Metalfisa'!$A146) -> 0 | ... AP146: =SUMIFS(METALFISA!$E:$E,METALFISA!$A:$A,'Faltantes Fevereiro- Metalfisa'!AP$3,METALFISA!$B:$B,'Faltantes Fevereiro- Metalfisa'!$A146) -> 0 | AR146: =SUMIFS(METALFISA!$E:$E,METALFISA!$A:$A,'Faltantes Fevereiro- Metalfisa'!AR$3,METALFISA!$B:$B,'Faltantes Fevereiro- Metalfisa'!$A146) -> 0 | AS146: =SUMIFS(METALFISA!$E:$E,METALFISA!$A:$A,'Faltantes Fevereiro- Metalfisa'!AS$3,METALFISA!$B:$B,'Faltantes Fevereiro- Metalfisa'!$A146) -> 0 | AU146: 0 | AV146: 0 | AW146: 0 | AX146: 0 | AY146: 0 | AZ146: 0 | BA146: 0 | BB146: 0 | BC146: 0 | BD146: 0 | BE146: 0 | BF146: 0 | BG146: 0 | BH146: 0 | BI146: 0 | BJ146: 0 | BK146: 0 | BL146: 0 | BM146: 1 | BN146: 0 | BO146: 0 | BP146: 0 | BQ146: 0 | BR146: 0 | BS146: 0 | BT146: 0 | BU146: 0 | BV146: 0 | BW146: 0 | BX146: 0 | BY146: 0 | BZ146: 0 | CA146: 0 | CB146: 0 | CC146: 0 | CD146: 0 | CE146: 0 | CF146: 0 | CG146: 0 | CH146: 0 | CI146: 0 | CJ146: 0 | CK146: 0 | CL146: 0
A147: 21.23.03803 | B147: SUPORTE TRAVA DA MOLA \ AA_5725_01 | C147: 0 | D147: 0 | E147: 0 | F147: 0 | G147: 2 | H147: =IFERROR(VLOOKUP(A147,[1]FALTANTES!$A:$AB,28,FALSE),"-") -> 0 | I147: =IFERROR(VLOOKUP(A147,[1]FALTANTES!$A:$AC,29,FALSE),"-") -> 0 | J147: =IFERROR(VLOOKUP(A147,[1]FALTANTES!$A:$AD,30,FALSE),"-") -> -2 | K147: 0 | L147: =SUM(M147:AS147) -> 2 | M147: =SUMIFS(METALFISA!$E:$E,METALFISA!$A:$A,'Faltantes Fevereiro- Metalfisa'!M$3,METALFISA!$B:$B,'Faltantes Fevereiro- Metalfisa'!$A147) -> 0 | N147: =SUMIFS(METALFISA!$E:$E,METALFISA!$A:$A,'Faltantes Fevereiro- Metalfisa'!N$3,METALFISA!$B:$B,'Faltantes Fevereiro- Metalfisa'!$A147) -> 0 | O147: =SUMIFS(METALFISA!$E:$E,METALFISA!$A:$A,'Faltantes Fevereiro- Metalfisa'!O$3,METALFISA!$B:$B,'Faltantes Fevereiro- Metalfisa'!$A147) -> 0 | P147: =SUMIFS(METALFISA!$E:$E,METALFISA!$A:$A,'Faltantes Fevereiro- Metalfisa'!P$3,METALFISA!$B:$B,'Faltantes Fevereiro- Metalfisa'!$A147) -> 0 | Q147: =SUMIFS(METALFISA!$E:$E,METALFISA!$A:$A,'Faltantes Fevereiro- Metalfisa'!Q$3,METALFISA!$B:$B,'Faltantes Fevereiro- Metalfisa'!$A147) -> 0 | R147: =SUMIFS(METALFISA!$E:$E,METALFISA!$A:$A,'Faltantes Fevereiro- Metalfisa'!R$3,METALFISA!$B:$B,'Faltantes Fevereiro- Metalfisa'!$A147) -> 0 | S147: =SUMIFS(METALFISA!$E:$E,METALFISA!$A:$A,'Faltantes Fevereiro- Metalfisa'!S$3,METALFISA!$B:$B,'Faltantes Fevereiro- Metalfisa'!$A147) -> 0 | T147: =SUMIFS(METALFISA!$E:$E,METALFISA!$A:$A,'Faltantes Fevereiro- Metalfisa'!T$3,METALFISA!$B:$B,'Faltantes Fevereiro- Metalfisa'!$A147) -> 0 | ... AP147: =SUMIFS(METALFISA!$E:$E,METALFISA!$A:$A,'Faltantes Fevereiro- Metalfisa'!AP$3,METALFISA!$B:$B,'Faltantes Fevereiro- Metalfisa'!$A147) -> 0 | AR147: =SUMIFS(METALFISA!$E:$E,METALFISA!$A:$A,'Faltantes Fevereiro- Metalfisa'!AR$3,METALFISA!$B:$B,'Faltantes Fevereiro- Metalfisa'!$A147) -> 0 | AS147: =SUMIFS(METALFISA!$E:$E,METALFISA!$A:$A,'Faltantes Fevereiro- Metalfisa'!AS$3,METALFISA!$B:$B,'Faltantes Fevereiro- Metalfisa'!$A147) -> 0 | AU147: 0 | AV147: 0 | AW147: 0 | AX147: 0 | AY147: 0 | AZ147: 0 | BA147: 0 | BB147: 0 | BC147: 0 | BD147: 0 | BE147: 0 | BF147: 0 | BG147: 0 | BH147: 0 | BI147: 0 | BJ147: 0 | BK147: 0 | BL147: 0 | BM147: 1 | BN147: 0 | BO147: 0 | BP147: 0 | BQ147: 0 | BR147: 0 | BS147: 0 | BT147: 0 | BU147: 0 | BV147: 0 | BW147: 0 | BX147: 0 | BY147: 0 | BZ147: 0 | CA147: 0 | CB147: 0 | CC147: 0 | CD147: 0 | CE147: 0 | CF147: 0 | CG147: 0 | CH147: 0 | CI147: 0 | CJ147: 0 | CK147: 0 | CL147: 0
A148: 21.23.04168 | B148: ESPACADOR DO ACABAMENTO 02 / AA_9053_00 | C148: 3 | D148: 0 | E148: 0 | F148: 0 | G148: 29 | H148: =IFERROR(VLOOKUP(A148,[1]FALTANTES!$A:$AB,28,FALSE),"-") -> 3 | I148: =IFERROR(VLOOKUP(A148,[1]FALTANTES!$A:$AC,29,FALSE),"-") -> 0 | J148: =IFERROR(VLOOKUP(A148,[1]FALTANTES!$A:$AD,30,FALSE),"-") -> -32 | K148: 0 | L148: =SUM(M148:AS148) -> 33 | M148: =SUMIFS(METALFISA!$E:$E,METALFISA!$A:$A,'Faltantes Fevereiro- Metalfisa'!M$3,METALFISA!$B:$B,'Faltantes Fevereiro- Metalfisa'!$A148) -> 0 | N148: =SUMIFS(METALFISA!$E:$E,METALFISA!$A:$A,'Faltantes Fevereiro- Metalfisa'!N$3,METALFISA!$B:$B,'Faltantes Fevereiro- Metalfisa'!$A148) -> 0 | O148: =SUMIFS(METALFISA!$E:$E,METALFISA!$A:$A,'Faltantes Fevereiro- Metalfisa'!O$3,METALFISA!$B:$B,'Faltantes Fevereiro- Metalfisa'!$A148) -> 0 | P148: =SUMIFS(METALFISA!$E:$E,METALFISA!$A:$A,'Faltantes Fevereiro- Metalfisa'!P$3,METALFISA!$B:$B,'Faltantes Fevereiro- Metalfisa'!$A148) -> 0 | Q148: =SUMIFS(METALFISA!$E:$E,METALFISA!$A:$A,'Faltantes Fevereiro- Metalfisa'!Q$3,METALFISA!$B:$B,'Faltantes Fevereiro- Metalfisa'!$A148) -> 0 | R148: =SUMIFS(METALFISA!$E:$E,METALFISA!$A:$A,'Faltantes Fevereiro- Metalfisa'!R$3,METALFISA!$B:$B,'Faltantes Fevereiro- Metalfisa'!$A148) -> 0 | S148: =SUMIFS(METALFISA!$E:$E,METALFISA!$A:$A,'Faltantes Fevereiro- Metalfisa'!S$3,METALFISA!$B:$B,'Faltantes Fevereiro- Metalfisa'!$A148) -> 0 | T148: =SUMIFS(METALFISA!$E:$E,METALFISA!$A:$A,'Faltantes Fevereiro- Metalfisa'!T$3,METALFISA!$B:$B,'Faltantes Fevereiro- Metalfisa'!$A148) -> 0 | ... AP148: =SUMIFS(METALFISA!$E:$E,METALFISA!$A:$A,'Faltantes Fevereiro- Metalfisa'!AP$3,METALFISA!$B:$B,'Faltantes Fevereiro- Metalfisa'!$A148) -> 0 | AR148: =SUMIFS(METALFISA!$E:$E,METALFISA!$A:$A,'Faltantes Fevereiro- Metalfisa'!AR$3,METALFISA!$B:$B,'Faltantes Fevereiro- Metalfisa'!$A148) -> 0 | AS148: =SUMIFS(METALFISA!$E:$E,METALFISA!$A:$A,'Faltantes Fevereiro- Metalfisa'!AS$3,METALFISA!$B:$B,'Faltantes Fevereiro- Metalfisa'!$A148) -> 0 | AU148: 0 | AV148: 0 | AW148: 0 | AX148: 0 | AY148: 1 | AZ148: 1 | BA148: 0 | BB148: 0 | BC148: 0 | BD148: 0 | BE148: 0 | BF148: 0 | BG148: 0 | BH148: 0 | BI148: 0 | BJ148: 0 | BK148: 0 | BL148: 0 | BM148: 0 | BN148: 0 | BO148: 0 | BP148: 0 | BQ148: 0 | BR148: 0 | BS148: 0 | BT148: 0 | BU148: 0 | BV148: 0 | BW148: 0 | BX148: 0 | BY148: 0 | BZ148: 0 | CA148: 0 | CB148: 0 | CC148: 0 | CD148: 0 | CE148: 0 | CF148: 0 | CG148: 0 | CH148: 0 | CI148: 0 | CJ148: 0 | CK148: 0 | CL148: 0
A149: 21.23.04169 | B149: ESPACADOR DO ACABAMENTO 03 / AA_9055_00 | C149: 4 | D149: 0 | E149: 0 | F149: 0 | G149: 29 | H149: =IFERROR(VLOOKUP(A149,[1]FALTANTES!$A:$AB,28,FALSE),"-") -> 4 | I149: =IFERROR(VLOOKUP(A149,[1]FALTANTES!$A:$AC,29,FALSE),"-") -> 0 | J149: =IFERROR(VLOOKUP(A149,[1]FALTANTES!$A:$AD,30,FALSE),"-") -> -33 | K149: 0 | L149: =SUM(M149:AS149) -> 33 | M149: =SUMIFS(METALFISA!$E:$E,METALFISA!$A:$A,'Faltantes Fevereiro- Metalfisa'!M$3,METALFISA!$B:$B,'Faltantes Fevereiro- Metalfisa'!$A149) -> 0 | N149: =SUMIFS(METALFISA!$E:$E,METALFISA!$A:$A,'Faltantes Fevereiro- Metalfisa'!N$3,METALFISA!$B:$B,'Faltantes Fevereiro- Metalfisa'!$A149) -> 0 | O149: =SUMIFS(METALFISA!$E:$E,METALFISA!$A:$A,'Faltantes Fevereiro- Metalfisa'!O$3,METALFISA!$B:$B,'Faltantes Fevereiro- Metalfisa'!$A149) -> 0 | P149: =SUMIFS(METALFISA!$E:$E,METALFISA!$A:$A,'Faltantes Fevereiro- Metalfisa'!P$3,METALFISA!$B:$B,'Faltantes Fevereiro- Metalfisa'!$A149) -> 0 | Q149: =SUMIFS(METALFISA!$E:$E,METALFISA!$A:$A,'Faltantes Fevereiro- Metalfisa'!Q$3,METALFISA!$B:$B,'Faltantes Fevereiro- Metalfisa'!$A149) -> 0 | R149: =SUMIFS(METALFISA!$E:$E,METALFISA!$A:$A,'Faltantes Fevereiro- Metalfisa'!R$3,METALFISA!$B:$B,'Faltantes Fevereiro- Metalfisa'!$A149) -> 0 | S149: =SUMIFS(METALFISA!$E:$E,METALFISA!$A:$A,'Faltantes Fevereiro- Metalfisa'!S$3,METALFISA!$B:$B,'Faltantes Fevereiro- Metalfisa'!$A149) -> 0 | T149: =SUMIFS(METALFISA!$E:$E,METALFISA!$A:$A,'Faltantes Fevereiro- Metalfisa'!T$3,METALFISA!$B:$B,'Faltantes Fevereiro- Metalfisa'!$A149) -> 0 | ... AP149: =SUMIFS(METALFISA!$E:$E,METALFISA!$A:$A,'Faltantes Fevereiro- Metalfisa'!AP$3,METALFISA!$B:$B,'Faltantes Fevereiro- Metalfisa'!$A149) -> 0 | AR149: =SUMIFS(METALFISA!$E:$E,METALFISA!$A:$A,'Faltantes Fevereiro- Metalfisa'!AR$3,METALFISA!$B:$B,'Faltantes Fevereiro- Metalfisa'!$A149) -> 0 | AS149: =SUMIFS(METALFISA!$E:$E,METALFISA!$A:$A,'Faltantes Fevereiro- Metalfisa'!AS$3,METALFISA!$B:$B,'Faltantes Fevereiro- Metalfisa'!$A149) -> 0 | AU149: 0 | AV149: 0 | AW149: 0 | AX149: 0 | AY149: 1 | AZ149: 1 | BA149: 0 | BB149: 0 | BC149: 0 | BD149: 0 | BE149: 0 | BF149: 0 | BG149: 0 | BH149: 0 | BI149: 0 | BJ149: 0 | BK149: 0 | BL149: 0 | BM149: 0 | BN149: 0 | BO149: 0 | BP149: 0 | BQ149: 0 | BR149: 0 | BS149: 0 | BT149: 0 | BU149: 0 | BV149: 0 | BW149: 0 | BX149: 0 | BY149: 0 | BZ149: 0 | CA149: 0 | CB149: 0 | CC149: 0 | CD149: 0 | CE149: 0 | CF149: 0 | CG149: 0 | CH149: 0 | CI149: 0 | CJ149: 0 | CK149: 0 | CL149: 0
A150: 21.23.04494 | B150: CENTRO DO OBTURADOR / AA_10047_01 | C150: 12 | D150: 0 | E150: 0 | F150: 0 | G150: 29 | H150: =IFERROR(VLOOKUP(A150,[1]FALTANTES!$A:$AB,28,FALSE),"-") -> 0 | I150: =IFERROR(VLOOKUP(A150,[1]FALTANTES!$A:$AC,29,FALSE),"-") -> 32 | J150: =IFERROR(VLOOKUP(A150,[1]FALTANTES!$A:$AD,30,FALSE),"-") -> -9 | K150: 0 | L150: =SUM(M150:AS150) -> 9 | M150: =SUMIFS(METALFISA!$E:$E,METALFISA!$A:$A,'Faltantes Fevereiro- Metalfisa'!M$3,METALFISA!$B:$B,'Faltantes Fevereiro- Metalfisa'!$A150) -> 0 | N150: =SUMIFS(METALFISA!$E:$E,METALFISA!$A:$A,'Faltantes Fevereiro- Metalfisa'!N$3,METALFISA!$B:$B,'Faltantes Fevereiro- Metalfisa'!$A150) -> 0 | O150: =SUMIFS(METALFISA!$E:$E,METALFISA!$A:$A,'Faltantes Fevereiro- Metalfisa'!O$3,METALFISA!$B:$B,'Faltantes Fevereiro- Metalfisa'!$A150) -> 0 | P150: =SUMIFS(METALFISA!$E:$E,METALFISA!$A:$A,'Faltantes Fevereiro- Metalfisa'!P$3,METALFISA!$B:$B,'Faltantes Fevereiro- Metalfisa'!$A150) -> 0 | Q150: =SUMIFS(METALFISA!$E:$E,METALFISA!$A:$A,'Faltantes Fevereiro- Metalfisa'!Q$3,METALFISA!$B:$B,'Faltantes Fevereiro- Metalfisa'!$A150) -> 0 | R150: =SUMIFS(METALFISA!$E:$E,METALFISA!$A:$A,'Faltantes Fevereiro- Metalfisa'!R$3,METALFISA!$B:$B,'Faltantes Fevereiro- Metalfisa'!$A150) -> 0 | S150: =SUMIFS(METALFISA!$E:$E,METALFISA!$A:$A,'Faltantes Fevereiro- Metalfisa'!S$3,METALFISA!$B:$B,'Faltantes Fevereiro- Metalfisa'!$A150) -> 0 | T150: =SUMIFS(METALFISA!$E:$E,METALFISA!$A:$A,'Faltantes Fevereiro- Metalfisa'!T$3,METALFISA!$B:$B,'Faltantes Fevereiro- Metalfisa'!$A150) -> 0 | ... AP150: =SUMIFS(METALFISA!$E:$E,METALFISA!$A:$A,'Faltantes Fevereiro- Metalfisa'!AP$3,METALFISA!$B:$B,'Faltantes Fevereiro- Metalfisa'!$A150) -> 0 | AR150: =SUMIFS(METALFISA!$E:$E,METALFISA!$A:$A,'Faltantes Fevereiro- Metalfisa'!AR$3,METALFISA!$B:$B,'Faltantes Fevereiro- Metalfisa'!$A150) -> 0 | AS150: =SUMIFS(METALFISA!$E:$E,METALFISA!$A:$A,'Faltantes Fevereiro- Metalfisa'!AS$3,METALFISA!$B:$B,'Faltantes Fevereiro- Metalfisa'!$A150) -> 0 | AU150: 0 | AV150: 0 | AW150: 0 | AX150: 0 | AY150: 1 | AZ150: 1 | BA150: 0 | BB150: 0 | BC150: 0 | BD150: 0 | BE150: 0 | BF150: 0 | BG150: 0 | BH150: 0 | BI150: 0 | BJ150: 0 | BK150: 0 | BL150: 0 | BM150: 0 | BN150: 0 | BO150: 0 | BP150: 0 | BQ150: 0 | BR150: 0 | BS150: 0 | BT150: 0 | BU150: 0 | BV150: 0 | BW150: 0 | BX150: 0 | BY150: 0 | BZ150: 0 | CA150: 0 | CB150: 0 | CC150: 0 | CD150: 0 | CE150: 0 | CF150: 0 | CG150: 0 | CH150: 0 | CI150: 0 | CJ150: 0 | CK150: 0 | CL150: 0
A151: 21.23.04495 | B151: CAIXA SOLENOIDE / AA_10052_00 | C151: 9 | D151: 0 | E151: 0 | F151: 0 | G151: 29 | H151: =IFERROR(VLOOKUP(A151,[1]FALTANTES!$A:$AB,28,FALSE),"-") -> 9 | I151: =IFERROR(VLOOKUP(A151,[1]FALTANTES!$A:$AC,29,FALSE),"-") -> 0 | J151: =IFERROR(VLOOKUP(A151,[1]FALTANTES!$A:$AD,30,FALSE),"-") -> -38 | K151: 0 | L151: =SUM(M151:AS151) -> 38 | M151: =SUMIFS(METALFISA!$E:$E,METALFISA!$A:$A,'Faltantes Fevereiro- Metalfisa'!M$3,METALFISA!$B:$B,'Faltantes Fevereiro- Metalfisa'!$A151) -> 0 | N151: =SUMIFS(METALFISA!$E:$E,METALFISA!$A:$A,'Faltantes Fevereiro- Metalfisa'!N$3,METALFISA!$B:$B,'Faltantes Fevereiro- Metalfisa'!$A151) -> 0 | O151: =SUMIFS(METALFISA!$E:$E,METALFISA!$A:$A,'Faltantes Fevereiro- Metalfisa'!O$3,METALFISA!$B:$B,'Faltantes Fevereiro- Metalfisa'!$A151) -> 0 | P151: =SUMIFS(METALFISA!$E:$E,METALFISA!$A:$A,'Faltantes Fevereiro- Metalfisa'!P$3,METALFISA!$B:$B,'Faltantes Fevereiro- Metalfisa'!$A151) -> 0 | Q151: =SUMIFS(METALFISA!$E:$E,METALFISA!$A:$A,'Faltantes Fevereiro- Metalfisa'!Q$3,METALFISA!$B:$B,'Faltantes Fevereiro- Metalfisa'!$A151) -> 0 | R151: =SUMIFS(METALFISA!$E:$E,METALFISA!$A:$A,'Faltantes Fevereiro- Metalfisa'!R$3,METALFISA!$B:$B,'Faltantes Fevereiro- Metalfisa'!$A151) -> 0 | S151: =SUMIFS(METALFISA!$E:$E,METALFISA!$A:$A,'Faltantes Fevereiro- Metalfisa'!S$3,METALFISA!$B:$B,'Faltantes Fevereiro- Metalfisa'!$A151) -> 0 | T151: =SUMIFS(METALFISA!$E:$E,METALFISA!$A:$A,'Faltantes Fevereiro- Metalfisa'!T$3,METALFISA!$B:$B,'Faltantes Fevereiro- Metalfisa'!$A151) -> 0 | ... AP151: =SUMIFS(METALFISA!$E:$E,METALFISA!$A:$A,'Faltantes Fevereiro- Metalfisa'!AP$3,METALFISA!$B:$B,'Faltantes Fevereiro- Metalfisa'!$A151) -> 0 | AR151: =SUMIFS(METALFISA!$E:$E,METALFISA!$A:$A,'Faltantes Fevereiro- Metalfisa'!AR$3,METALFISA!$B:$B,'Faltantes Fevereiro- Metalfisa'!$A151) -> 0 | AS151: =SUMIFS(METALFISA!$E:$E,METALFISA!$A:$A,'Faltantes Fevereiro- Metalfisa'!AS$3,METALFISA!$B:$B,'Faltantes Fevereiro- Metalfisa'!$A151) -> 0 | AU151: 0 | AV151: 0 | AW151: 0 | AX151: 0 | AY151: 1 | AZ151: 1 | BA151: 0 | BB151: 0 | BC151: 0 | BD151: 0 | BE151: 0 | BF151: 0 | BG151: 0 | BH151: 0 | BI151: 0 | BJ151: 0 | BK151: 0 | BL151: 0 | BM151: 0 | BN151: 0 | BO151: 0 | BP151: 0 | BQ151: 0 | BR151: 0 | BS151: 0 | BT151: 0 | BU151: 0 | BV151: 0 | BW151: 0 | BX151: 0 | BY151: 0 | BZ151: 0 | CA151: 0 | CB151: 0 | CC151: 0 | CD151: 0 | CE151: 0 | CF151: 0 | CG151: 0 | CH151: 0 | CI151: 0 | CJ151: 0 | CK151: 0 | CL151: 0
A152: 21.23.04496 | B152: SUPORTE FONTE WEG / AA_10053_00 | C152: 0 | D152: 0 | E152: 0 | F152: 0 | G152: 8 | H152: =IFERROR(VLOOKUP(A152,[1]FALTANTES!$A:$AB,28,FALSE),"-") -> 0 | I152: =IFERROR(VLOOKUP(A152,[1]FALTANTES!$A:$AC,29,FALSE),"-") -> 1 | J152: =IFERROR(VLOOKUP(A152,[1]FALTANTES!$A:$AD,30,FALSE),"-") -> -7 | K152: 0 | L152: =SUM(M152:AS152) -> 8 | M152: =SUMIFS(METALFISA!$E:$E,METALFISA!$A:$A,'Faltantes Fevereiro- Metalfisa'!M$3,METALFISA!$B:$B,'Faltantes Fevereiro- Metalfisa'!$A152) -> 0 | N152: =SUMIFS(METALFISA!$E:$E,METALFISA!$A:$A,'Faltantes Fevereiro- Metalfisa'!N$3,METALFISA!$B:$B,'Faltantes Fevereiro- Metalfisa'!$A152) -> 0 | O152: =SUMIFS(METALFISA!$E:$E,METALFISA!$A:$A,'Faltantes Fevereiro- Metalfisa'!O$3,METALFISA!$B:$B,'Faltantes Fevereiro- Metalfisa'!$A152) -> 0 | P152: =SUMIFS(METALFISA!$E:$E,METALFISA!$A:$A,'Faltantes Fevereiro- Metalfisa'!P$3,METALFISA!$B:$B,'Faltantes Fevereiro- Metalfisa'!$A152) -> 0 | Q152: =SUMIFS(METALFISA!$E:$E,METALFISA!$A:$A,'Faltantes Fevereiro- Metalfisa'!Q$3,METALFISA!$B:$B,'Faltantes Fevereiro- Metalfisa'!$A152) -> 0 | R152: =SUMIFS(METALFISA!$E:$E,METALFISA!$A:$A,'Faltantes Fevereiro- Metalfisa'!R$3,METALFISA!$B:$B,'Faltantes Fevereiro- Metalfisa'!$A152) -> 0 | S152: =SUMIFS(METALFISA!$E:$E,METALFISA!$A:$A,'Faltantes Fevereiro- Metalfisa'!S$3,METALFISA!$B:$B,'Faltantes Fevereiro- Metalfisa'!$A152) -> 0 | T152: =SUMIFS(METALFISA!$E:$E,METALFISA!$A:$A,'Faltantes Fevereiro- Metalfisa'!T$3,METALFISA!$B:$B,'Faltantes Fevereiro- Metalfisa'!$A152) -> 0 | ... AP152: =SUMIFS(METALFISA!$E:$E,METALFISA!$A:$A,'Faltantes Fevereiro- Metalfisa'!AP$3,METALFISA!$B:$B,'Faltantes Fevereiro- Metalfisa'!$A152) -> 0 | AR152: =SUMIFS(METALFISA!$E:$E,METALFISA!$A:$A,'Faltantes Fevereiro- Metalfisa'!AR$3,METALFISA!$B:$B,'Faltantes Fevereiro- Metalfisa'!$A152) -> 0 | AS152: =SUMIFS(METALFISA!$E:$E,METALFISA!$A:$A,'Faltantes Fevereiro- Metalfisa'!AS$3,METALFISA!$B:$B,'Faltantes Fevereiro- Metalfisa'!$A152) -> 0 | AU152: 0 | AV152: 0 | AW152: 0 | AX152: 0 | AY152: 0 | AZ152: 1 | BA152: 0 | BB152: 0 | BC152: 0 | BD152: 0 | BE152: 0 | BF152: 0 | BG152: 0 | BH152: 0 | BI152: 0 | BJ152: 0 | BK152: 0 | BL152: 0 | BM152: 0 | BN152: 0 | BO152: 0 | BP152: 0 | BQ152: 0 | BR152: 0 | BS152: 0 | BT152: 0 | BU152: 0 | BV152: 0 | BW152: 0 | BX152: 0 | BY152: 0 | BZ152: 0 | CA152: 0 | CB152: 0 | CC152: 0 | CD152: 0 | CE152: 0 | CF152: 0 | CG152: 0 | CH152: 0 | CI152: 0 | CJ152: 0 | CK152: 0 | CL152: 0
... A191: 33.11.10017.01 | B191: COLUNA / 33.11.10017.01 | C191: 3 | D191: 0 | E191: 0 | F191: 0 | G191: 14 | H191: =IFERROR(VLOOKUP(A191,[1]FALTANTES!$A:$AB,28,FALSE),"-") -> 3 | I191: =IFERROR(VLOOKUP(A191,[1]FALTANTES!$A:$AC,29,FALSE),"-") -> 0 | J191: =IFERROR(VLOOKUP(A191,[1]FALTANTES!$A:$AD,30,FALSE),"-") -> -17 | K191: 0 | L191: =SUM(M191:AS191) -> 4 | M191: =SUMIFS(METALFISA!$E:$E,METALFISA!$A:$A,'Faltantes Fevereiro- Metalfisa'!M$3,METALFISA!$B:$B,'Faltantes Fevereiro- Metalfisa'!$A191) -> 0 | N191: =SUMIFS(METALFISA!$E:$E,METALFISA!$A:$A,'Faltantes Fevereiro- Metalfisa'!N$3,METALFISA!$B:$B,'Faltantes Fevereiro- Metalfisa'!$A191) -> 0 | O191: =SUMIFS(METALFISA!$E:$E,METALFISA!$A:$A,'Faltantes Fevereiro- Metalfisa'!O$3,METALFISA!$B:$B,'Faltantes Fevereiro- Metalfisa'!$A191) -> 0 | P191: =SUMIFS(METALFISA!$E:$E,METALFISA!$A:$A,'Faltantes Fevereiro- Metalfisa'!P$3,METALFISA!$B:$B,'Faltantes Fevereiro- Metalfisa'!$A191) -> 0 | Q191: =SUMIFS(METALFISA!$E:$E,METALFISA!$A:$A,'Faltantes Fevereiro- Metalfisa'!Q$3,METALFISA!$B:$B,'Faltantes Fevereiro- Metalfisa'!$A191) -> 0 | R191: =SUMIFS(METALFISA!$E:$E,METALFISA!$A:$A,'Faltantes Fevereiro- Metalfisa'!R$3,METALFISA!$B:$B,'Faltantes Fevereiro- Metalfisa'!$A191) -> 0 | S191: =SUMIFS(METALFISA!$E:$E,METALFISA!$A:$A,'Faltantes Fevereiro- Metalfisa'!S$3,METALFISA!$B:$B,'Faltantes Fevereiro- Metalfisa'!$A191) -> 0 | T191: =SUMIFS(METALFISA!$E:$E,METALFISA!$A:$A,'Faltantes Fevereiro- Metalfisa'!T$3,METALFISA!$B:$B,'Faltantes Fevereiro- Metalfisa'!$A191) -> 0 | ... AP191: =SUMIFS(METALFISA!$E:$E,METALFISA!$A:$A,'Faltantes Fevereiro- Metalfisa'!AP$3,METALFISA!$B:$B,'Faltantes Fevereiro- Metalfisa'!$A191) -> 0 | AR191: =SUMIFS(METALFISA!$E:$E,METALFISA!$A:$A,'Faltantes Fevereiro- Metalfisa'!AR$3,METALFISA!$B:$B,'Faltantes Fevereiro- Metalfisa'!$A191) -> 0 | AS191: =SUMIFS(METALFISA!$E:$E,METALFISA!$A:$A,'Faltantes Fevereiro- Metalfisa'!AS$3,METALFISA!$B:$B,'Faltantes Fevereiro- Metalfisa'!$A191) -> 0 | AU191: 0 | AV191: 0 | AW191: 0 | AX191: 0 | AY191: 0 | AZ191: 0 | BA191: 0 | BB191: 0 | BC191: 0 | BD191: 0 | BE191: 0 | BF191: 0 | BG191: 0 | BH191: 0 | BI191: 0 | BJ191: 0 | BK191: 0 | BL191: 0 | BM191: 0 | BN191: 2 | BO191: 0 | BP191: 0 | BQ191: 0 | BR191: 0 | BS191: 0 | BT191: 0 | BU191: 0 | BV191: 0 | BW191: 0 | BX191: 0 | BY191: 0 | BZ191: 0 | CA191: 0 | CB191: 0 | CC191: 0 | CD191: 0 | CE191: 0 | CF191: 0 | CG191: 0 | CH191: 0 | CI191: 0 | CJ191: 0 | CK191: 0 | CL191: 0
A192: 33.11.10029.03 | B192: COLUNA / 33.11.10029.03 | C192: 5 | D192: 0 | E192: 0 | F192: 0 | G192: 39 | H192: =IFERROR(VLOOKUP(A192,[1]FALTANTES!$A:$AB,28,FALSE),"-") -> 0 | I192: =IFERROR(VLOOKUP(A192,[1]FALTANTES!$A:$AC,29,FALSE),"-") -> 13 | J192: =IFERROR(VLOOKUP(A192,[1]FALTANTES!$A:$AD,30,FALSE),"-") -> -34 | K192: ENTREGUE 3 PEÇAS NO DANFE 41640 EM 06/02-METALFISA | L192: =SUM(M192:AS192) -> 1 | M192: =SUMIFS(METALFISA!$E:$E,METALFISA!$A:$A,'Faltantes Fevereiro- Metalfisa'!M$3,METALFISA!$B:$B,'Faltantes Fevereiro- Metalfisa'!$A192) -> 0 | N192: =SUMIFS(METALFISA!$E:$E,METALFISA!$A:$A,'Faltantes Fevereiro- Metalfisa'!N$3,METALFISA!$B:$B,'Faltantes Fevereiro- Metalfisa'!$A192) -> 0 | O192: =SUMIFS(METALFISA!$E:$E,METALFISA!$A:$A,'Faltantes Fevereiro- Metalfisa'!O$3,METALFISA!$B:$B,'Faltantes Fevereiro- Metalfisa'!$A192) -> 0 | P192: =SUMIFS(METALFISA!$E:$E,METALFISA!$A:$A,'Faltantes Fevereiro- Metalfisa'!P$3,METALFISA!$B:$B,'Faltantes Fevereiro- Metalfisa'!$A192) -> 0 | Q192: =SUMIFS(METALFISA!$E:$E,METALFISA!$A:$A,'Faltantes Fevereiro- Metalfisa'!Q$3,METALFISA!$B:$B,'Faltantes Fevereiro- Metalfisa'!$A192) -> 0 | R192: =SUMIFS(METALFISA!$E:$E,METALFISA!$A:$A,'Faltantes Fevereiro- Metalfisa'!R$3,METALFISA!$B:$B,'Faltantes Fevereiro- Metalfisa'!$A192) -> 0 | S192: =SUMIFS(METALFISA!$E:$E,METALFISA!$A:$A,'Faltantes Fevereiro- Metalfisa'!S$3,METALFISA!$B:$B,'Faltantes Fevereiro- Metalfisa'!$A192) -> 0 | T192: =SUMIFS(METALFISA!$E:$E,METALFISA!$A:$A,'Faltantes Fevereiro- Metalfisa'!T$3,METALFISA!$B:$B,'Faltantes Fevereiro- Metalfisa'!$A192) -> 0 | ... AP192: =SUMIFS(METALFISA!$E:$E,METALFISA!$A:$A,'Faltantes Fevereiro- Metalfisa'!AP$3,METALFISA!$B:$B,'Faltantes Fevereiro- Metalfisa'!$A192) -> 0 | AR192: =SUMIFS(METALFISA!$E:$E,METALFISA!$A:$A,'Faltantes Fevereiro- Metalfisa'!AR$3,METALFISA!$B:$B,'Faltantes Fevereiro- Metalfisa'!$A192) -> 0 | AS192: =SUMIFS(METALFISA!$E:$E,METALFISA!$A:$A,'Faltantes Fevereiro- Metalfisa'!AS$3,METALFISA!$B:$B,'Faltantes Fevereiro- Metalfisa'!$A192) -> 0 | AU192: 0 | AV192: 0 | AW192: 0 | AX192: 0 | AY192: 0 | AZ192: 0 | BA192: 0 | BB192: 0 | BC192: 0 | BD192: 0 | BE192: 0 | BF192: 0 | BG192: 0 | BH192: 0 | BI192: 0 | BJ192: 0 | BK192: 0 | BL192: 0 | BM192: 0 | BN192: 3 | BO192: 5 | BP192: 0 | BQ192: 0 | BR192: 0 | BS192: 0 | BT192: 0 | BU192: 0 | BV192: 0 | BW192: 0 | BX192: 0 | BY192: 0 | BZ192: 0 | CA192: 0 | CB192: 0 | CC192: 0 | CD192: 0 | CE192: 0 | CF192: 0 | CG192: 0 | CH192: 0 | CI192: 0 | CJ192: 0 | CK192: 0 | CL192: 0
A193: 33.11.10030.01 | B193: SUPORTE ROLETE / 33.11.10030.01 | C193: 0 | D193: 0 | E193: 0 | F193: 0 | G193: 9 | H193: =IFERROR(VLOOKUP(A193,[1]FALTANTES!$A:$AB,28,FALSE),"-") -> 0 | I193: =IFERROR(VLOOKUP(A193,[1]FALTANTES!$A:$AC,29,FALSE),"-") -> 2 | J193: =IFERROR(VLOOKUP(A193,[1]FALTANTES!$A:$AD,30,FALSE),"-") -> -7 | K193: 0 | L193: =SUM(M193:AS193) -> 2 | M193: =SUMIFS(METALFISA!$E:$E,METALFISA!$A:$A,'Faltantes Fevereiro- Metalfisa'!M$3,METALFISA!$B:$B,'Faltantes Fevereiro- Metalfisa'!$A193) -> 0 | N193: =SUMIFS(METALFISA!$E:$E,METALFISA!$A:$A,'Faltantes Fevereiro- Metalfisa'!N$3,METALFISA!$B:$B,'Faltantes Fevereiro- Metalfisa'!$A193) -> 0 | O193: =SUMIFS(METALFISA!$E:$E,METALFISA!$A:$A,'Faltantes Fevereiro- Metalfisa'!O$3,METALFISA!$B:$B,'Faltantes Fevereiro- Metalfisa'!$A193) -> 0 | P193: =SUMIFS(METALFISA!$E:$E,METALFISA!$A:$A,'Faltantes Fevereiro- Metalfisa'!P$3,METALFISA!$B:$B,'Faltantes Fevereiro- Metalfisa'!$A193) -> 0 | Q193: =SUMIFS(METALFISA!$E:$E,METALFISA!$A:$A,'Faltantes Fevereiro- Metalfisa'!Q$3,METALFISA!$B:$B,'Faltantes Fevereiro- Metalfisa'!$A193) -> 0 | R193: =SUMIFS(METALFISA!$E:$E,METALFISA!$A:$A,'Faltantes Fevereiro- Metalfisa'!R$3,METALFISA!$B:$B,'Faltantes Fevereiro- Metalfisa'!$A193) -> 0 | S193: =SUMIFS(METALFISA!$E:$E,METALFISA!$A:$A,'Faltantes Fevereiro- Metalfisa'!S$3,METALFISA!$B:$B,'Faltantes Fevereiro- Metalfisa'!$A193) -> 0 | T193: =SUMIFS(METALFISA!$E:$E,METALFISA!$A:$A,'Faltantes Fevereiro- Metalfisa'!T$3,METALFISA!$B:$B,'Faltantes Fevereiro- Metalfisa'!$A193) -> 0 | ... AP193: =SUMIFS(METALFISA!$E:$E,METALFISA!$A:$A,'Faltantes Fevereiro- Metalfisa'!AP$3,METALFISA!$B:$B,'Faltantes Fevereiro- Metalfisa'!$A193) -> 0 | AR193: =SUMIFS(METALFISA!$E:$E,METALFISA!$A:$A,'Faltantes Fevereiro- Metalfisa'!AR$3,METALFISA!$B:$B,'Faltantes Fevereiro- Metalfisa'!$A193) -> 0 | AS193: =SUMIFS(METALFISA!$E:$E,METALFISA!$A:$A,'Faltantes Fevereiro- Metalfisa'!AS$3,METALFISA!$B:$B,'Faltantes Fevereiro- Metalfisa'!$A193) -> 0 | AU193: 0 | AV193: 0 | AW193: 0 | AX193: 0 | AY193: 0 | AZ193: 0 | BA193: 0 | BB193: 0 | BC193: 0 | BD193: 0 | BE193: 0 | BF193: 0 | BG193: 0 | BH193: 0 | BI193: 0 | BJ193: 0 | BK193: 0 | BL193: 0 | BM193: 0 | BN193: 1 | BO193: 1 | BP193: 0 | BQ193: 0 | BR193: 0 | BS193: 0 | BT193: 0 | BU193: 0 | BV193: 0 | BW193: 0 | BX193: 0 | BY193: 0 | BZ193: 0 | CA193: 0 | CB193: 0 | CC193: 0 | CD193: 0 | CE193: 0 | CF193: 0 | CG193: 0 | CH193: 0 | CI193: 0 | CJ193: 0 | CK193: 0 | CL193: 0
A194: 33.11.10033.00 | B194: SUPORTE PESCOCO COLIMADOR / 33.11.10033.00 | C194: 0 | D194: 0 | E194: 0 | F194: 0 | G194: 8 | H194: =IFERROR(VLOOKUP(A194,[1]FALTANTES!$A:$AB,28,FALSE),"-") -> 0 | I194: =IFERROR(VLOOKUP(A194,[1]FALTANTES!$A:$AC,29,FALSE),"-") -> 2 | J194: =IFERROR(VLOOKUP(A194,[1]FALTANTES!$A:$AD,30,FALSE),"-") -> -6 | K194: 0 | L194: =SUM(M194:AS194) -> 2 | M194: =SUMIFS(METALFISA!$E:$E,METALFISA!$A:$A,'Faltantes Fevereiro- Metalfisa'!M$3,METALFISA!$B:$B,'Faltantes Fevereiro- Metalfisa'!$A194) -> 0 | N194: =SUMIFS(METALFISA!$E:$E,METALFISA!$A:$A,'Faltantes Fevereiro- Metalfisa'!N$3,METALFISA!$B:$B,'Faltantes Fevereiro- Metalfisa'!$A194) -> 0 | O194: =SUMIFS(METALFISA!$E:$E,METALFISA!$A:$A,'Faltantes Fevereiro- Metalfisa'!O$3,METALFISA!$B:$B,'Faltantes Fevereiro- Metalfisa'!$A194) -> 0 | P194: =SUMIFS(METALFISA!$E:$E,METALFISA!$A:$A,'Faltantes Fevereiro- Metalfisa'!P$3,METALFISA!$B:$B,'Faltantes Fevereiro- Metalfisa'!$A194) -> 0 | Q194: =SUMIFS(METALFISA!$E:$E,METALFISA!$A:$A,'Faltantes Fevereiro- Metalfisa'!Q$3,METALFISA!$B:$B,'Faltantes Fevereiro- Metalfisa'!$A194) -> 0 | R194: =SUMIFS(METALFISA!$E:$E,METALFISA!$A:$A,'Faltantes Fevereiro- Metalfisa'!R$3,METALFISA!$B:$B,'Faltantes Fevereiro- Metalfisa'!$A194) -> 0 | S194: =SUMIFS(METALFISA!$E:$E,METALFISA!$A:$A,'Faltantes Fevereiro- Metalfisa'!S$3,METALFISA!$B:$B,'Faltantes Fevereiro- Metalfisa'!$A194) -> 0 | T194: =SUMIFS(METALFISA!$E:$E,METALFISA!$A:$A,'Faltantes Fevereiro- Metalfisa'!T$3,METALFISA!$B:$B,'Faltantes Fevereiro- Metalfisa'!$A194) -> 0 | ... AP194: =SUMIFS(METALFISA!$E:$E,METALFISA!$A:$A,'Faltantes Fevereiro- Metalfisa'!AP$3,METALFISA!$B:$B,'Faltantes Fevereiro- Metalfisa'!$A194) -> 0 | AR194: =SUMIFS(METALFISA!$E:$E,METALFISA!$A:$A,'Faltantes Fevereiro- Metalfisa'!AR$3,METALFISA!$B:$B,'Faltantes Fevereiro- Metalfisa'!$A194) -> 0 | AS194: =SUMIFS(METALFISA!$E:$E,METALFISA!$A:$A,'Faltantes Fevereiro- Metalfisa'!AS$3,METALFISA!$B:$B,'Faltantes Fevereiro- Metalfisa'!$A194) -> 0 | AU194: 0 | AV194: 0 | AW194: 0 | AX194: 0 | AY194: 0 | AZ194: 0 | BA194: 0 | BB194: 0 | BC194: 0 | BD194: 0 | BE194: 0 | BF194: 0 | BG194: 0 | BH194: 0 | BI194: 0 | BJ194: 0 | BK194: 0 | BL194: 0 | BM194: 0 | BN194: 1 | BO194: 1 | BP194: 0 | BQ194: 0 | BR194: 0 | BS194: 0 | BT194: 0 | BU194: 0 | BV194: 0 | BW194: 0 | BX194: 0 | BY194: 0 | BZ194: 0 | CA194: 0 | CB194: 0 | CC194: 0 | CD194: 0 | CE194: 0 | CF194: 0 | CG194: 0 | CH194: 0 | CI194: 0 | CJ194: 0 | CK194: 0 | CL194: 0
A195: 33.11.10050.01 | B195: CAIXA L MODULO SV / 33.11.10050.01 | C195: 1 | D195: 0 | E195: 0 | F195: 0 | G195: 9 | H195: =IFERROR(VLOOKUP(A195,[1]FALTANTES!$A:$AB,28,FALSE),"-") -> 0 | I195: =IFERROR(VLOOKUP(A195,[1]FALTANTES!$A:$AC,29,FALSE),"-") -> 3 | J195: =IFERROR(VLOOKUP(A195,[1]FALTANTES!$A:$AD,30,FALSE),"-") -> -7 | K195: 0 | L195: =SUM(M195:AS195) -> 2 | M195: =SUMIFS(METALFISA!$E:$E,METALFISA!$A:$A,'Faltantes Fevereiro- Metalfisa'!M$3,METALFISA!$B:$B,'Faltantes Fevereiro- Metalfisa'!$A195) -> 0 | N195: =SUMIFS(METALFISA!$E:$E,METALFISA!$A:$A,'Faltantes Fevereiro- Metalfisa'!N$3,METALFISA!$B:$B,'Faltantes Fevereiro- Metalfisa'!$A195) -> 0 | O195: =SUMIFS(METALFISA!$E:$E,METALFISA!$A:$A,'Faltantes Fevereiro- Metalfisa'!O$3,METALFISA!$B:$B,'Faltantes Fevereiro- Metalfisa'!$A195) -> 0 | P195: =SUMIFS(METALFISA!$E:$E,METALFISA!$A:$A,'Faltantes Fevereiro- Metalfisa'!P$3,METALFISA!$B:$B,'Faltantes Fevereiro- Metalfisa'!$A195) -> 0 | Q195: =SUMIFS(METALFISA!$E:$E,METALFISA!$A:$A,'Faltantes Fevereiro- Metalfisa'!Q$3,METALFISA!$B:$B,'Faltantes Fevereiro- Metalfisa'!$A195) -> 0 | R195: =SUMIFS(METALFISA!$E:$E,METALFISA!$A:$A,'Faltantes Fevereiro- Metalfisa'!R$3,METALFISA!$B:$B,'Faltantes Fevereiro- Metalfisa'!$A195) -> 0 | S195: =SUMIFS(METALFISA!$E:$E,METALFISA!$A:$A,'Faltantes Fevereiro- Metalfisa'!S$3,METALFISA!$B:$B,'Faltantes Fevereiro- Metalfisa'!$A195) -> 0 | T195: =SUMIFS(METALFISA!$E:$E,METALFISA!$A:$A,'Faltantes Fevereiro- Metalfisa'!T$3,METALFISA!$B:$B,'Faltantes Fevereiro- Metalfisa'!$A195) -> 0 | ... AP195: =SUMIFS(METALFISA!$E:$E,METALFISA!$A:$A,'Faltantes Fevereiro- Metalfisa'!AP$3,METALFISA!$B:$B,'Faltantes Fevereiro- Metalfisa'!$A195) -> 0 | AR195: =SUMIFS(METALFISA!$E:$E,METALFISA!$A:$A,'Faltantes Fevereiro- Metalfisa'!AR$3,METALFISA!$B:$B,'Faltantes Fevereiro- Metalfisa'!$A195) -> 0 | AS195: =SUMIFS(METALFISA!$E:$E,METALFISA!$A:$A,'Faltantes Fevereiro- Metalfisa'!AS$3,METALFISA!$B:$B,'Faltantes Fevereiro- Metalfisa'!$A195) -> 0 | AU195: 0 | AV195: 0 | AW195: 0 | AX195: 0 | AY195: 0 | AZ195: 0 | BA195: 0 | BB195: 0 | BC195: 0 | BD195: 0 | BE195: 0 | BF195: 0 | BG195: 0 | BH195: 0 | BI195: 0 | BJ195: 0 | BK195: 0 | BL195: 0 | BM195: 0 | BN195: 1 | BO195: 1 | BP195: 0 | BQ195: 0 | BR195: 0 | BS195: 0 | BT195: 0 | BU195: 0 | BV195: 0 | BW195: 0 | BX195: 0 | BY195: 0 | BZ195: 0 | CA195: 0 | CB195: 0 | CC195: 0 | CD195: 0 | CE195: 0 | CF195: 0 | CG195: 0 | CH195: 0 | CI195: 0 | CJ195: 0 | CK195: 0 | CL195: 0
A196: 33.11.10061.01 | B196: TAMPA CAIXA L VERTICAL SV 03 / 33.11.10061.01 | C196: 1 | D196: 0 | E196: 0 | F196: 0 | G196: 9 | H196: =IFERROR(VLOOKUP(A196,[1]FALTANTES!$A:$AB,28,FALSE),"-") -> 0 | I196: =IFERROR(VLOOKUP(A196,[1]FALTANTES!$A:$AC,29,FALSE),"-") -> 2 | J196: =IFERROR(VLOOKUP(A196,[1]FALTANTES!$A:$AD,30,FALSE),"-") -> -8 | K196: 0 | L196: =SUM(M196:AS196) -> 2 | M196: =SUMIFS(METALFISA!$E:$E,METALFISA!$A:$A,'Faltantes Fevereiro- Metalfisa'!M$3,METALFISA!$B:$B,'Faltantes Fevereiro- Metalfisa'!$A196) -> 0 | N196: =SUMIFS(METALFISA!$E:$E,METALFISA!$A:$A,'Faltantes Fevereiro- Metalfisa'!N$3,METALFISA!$B:$B,'Faltantes Fevereiro- Metalfisa'!$A196) -> 0 | O196: =SUMIFS(METALFISA!$E:$E,METALFISA!$A:$A,'Faltantes Fevereiro- Metalfisa'!O$3,METALFISA!$B:$B,'Faltantes Fevereiro- Metalfisa'!$A196) -> 0 | P196: =SUMIFS(METALFISA!$E:$E,METALFISA!$A:$A,'Faltantes Fevereiro- Metalfisa'!P$3,METALFISA!$B:$B,'Faltantes Fevereiro- Metalfisa'!$A196) -> 0 | Q196: =SUMIFS(METALFISA!$E:$E,METALFISA!$A:$A,'Faltantes Fevereiro- Metalfisa'!Q$3,METALFISA!$B:$B,'Faltantes Fevereiro- Metalfisa'!$A196) -> 0 | R196: =SUMIFS(METALFISA!$E:$E,METALFISA!$A:$A,'Faltantes Fevereiro- Metalfisa'!R$3,METALFISA!$B:$B,'Faltantes Fevereiro- Metalfisa'!$A196) -> 0 | S196: =SUMIFS(METALFISA!$E:$E,METALFISA!$A:$A,'Faltantes Fevereiro- Metalfisa'!S$3,METALFISA!$B:$B,'Faltantes Fevereiro- Metalfisa'!$A196) -> 0 | T196: =SUMIFS(METALFISA!$E:$E,METALFISA!$A:$A,'Faltantes Fevereiro- Metalfisa'!T$3,METALFISA!$B:$B,'Faltantes Fevereiro- Metalfisa'!$A196) -> 0 | ... AP196: =SUMIFS(METALFISA!$E:$E,METALFISA!$A:$A,'Faltantes Fevereiro- Metalfisa'!AP$3,METALFISA!$B:$B,'Faltantes Fevereiro- Metalfisa'!$A196) -> 0 | AR196: =SUMIFS(METALFISA!$E:$E,METALFISA!$A:$A,'Faltantes Fevereiro- Metalfisa'!AR$3,METALFISA!$B:$B,'Faltantes Fevereiro- Metalfisa'!$A196) -> 0 | AS196: =SUMIFS(METALFISA!$E:$E,METALFISA!$A:$A,'Faltantes Fevereiro- Metalfisa'!AS$3,METALFISA!$B:$B,'Faltantes Fevereiro- Metalfisa'!$A196) -> 0 | AU196: 0 | AV196: 0 | AW196: 0 | AX196: 0 | AY196: 0 | AZ196: 0 | BA196: 0 | BB196: 0 | BC196: 0 | BD196: 0 | BE196: 0 | BF196: 0 | BG196: 0 | BH196: 0 | BI196: 0 | BJ196: 0 | BK196: 0 | BL196: 0 | BM196: 0 | BN196: 1 | BO196: 1 | BP196: 0 | BQ196: 0 | BR196: 0 | BS196: 0 | BT196: 0 | BU196: 0 | BV196: 0 | BW196: 0 | BX196: 0 | BY196: 0 | BZ196: 0 | CA196: 0 | CB196: 0 | CC196: 0 | CD196: 0 | CE196: 0 | CF196: 0 | CG196: 0 | CH196: 0 | CI196: 0 | CJ196: 0 | CK196: 0 | CL196: 0
A197: 33.11.10064.01 | B197: TAMPA CAIXA L VERTICAL SV 02 / 33.11.10064.01 | C197: 1 | D197: 0 | E197: 0 | F197: 0 | G197: 9 | H197: =IFERROR(VLOOKUP(A197,[1]FALTANTES!$A:$AB,28,FALSE),"-") -> 0 | I197: =IFERROR(VLOOKUP(A197,[1]FALTANTES!$A:$AC,29,FALSE),"-") -> 2 | J197: =IFERROR(VLOOKUP(A197,[1]FALTANTES!$A:$AD,30,FALSE),"-") -> -8 | K197: 0 | L197: =SUM(M197:AS197) -> 2 | M197: =SUMIFS(METALFISA!$E:$E,METALFISA!$A:$A,'Faltantes Fevereiro- Metalfisa'!M$3,METALFISA!$B:$B,'Faltantes Fevereiro- Metalfisa'!$A197) -> 0 | N197: =SUMIFS(METALFISA!$E:$E,METALFISA!$A:$A,'Faltantes Fevereiro- Metalfisa'!N$3,METALFISA!$B:$B,'Faltantes Fevereiro- Metalfisa'!$A197) -> 0 | O197: =SUMIFS(METALFISA!$E:$E,METALFISA!$A:$A,'Faltantes Fevereiro- Metalfisa'!O$3,METALFISA!$B:$B,'Faltantes Fevereiro- Metalfisa'!$A197) -> 0 | P197: =SUMIFS(METALFISA!$E:$E,METALFISA!$A:$A,'Faltantes Fevereiro- Metalfisa'!P$3,METALFISA!$B:$B,'Faltantes Fevereiro- Metalfisa'!$A197) -> 0 | Q197: =SUMIFS(METALFISA!$E:$E,METALFISA!$A:$A,'Faltantes Fevereiro- Metalfisa'!Q$3,METALFISA!$B:$B,'Faltantes Fevereiro- Metalfisa'!$A197) -> 0 | R197: =SUMIFS(METALFISA!$E:$E,METALFISA!$A:$A,'Faltantes Fevereiro- Metalfisa'!R$3,METALFISA!$B:$B,'Faltantes Fevereiro- Metalfisa'!$A197) -> 0 | S197: =SUMIFS(METALFISA!$E:$E,METALFISA!$A:$A,'Faltantes Fevereiro- Metalfisa'!S$3,METALFISA!$B:$B,'Faltantes Fevereiro- Metalfisa'!$A197) -> 0 | T197: =SUMIFS(METALFISA!$E:$E,METALFISA!$A:$A,'Faltantes Fevereiro- Metalfisa'!T$3,METALFISA!$B:$B,'Faltantes Fevereiro- Metalfisa'!$A197) -> 0 | ... AP197: =SUMIFS(METALFISA!$E:$E,METALFISA!$A:$A,'Faltantes Fevereiro- Metalfisa'!AP$3,METALFISA!$B:$B,'Faltantes Fevereiro- Metalfisa'!$A197) -> 0 | AR197: =SUMIFS(METALFISA!$E:$E,METALFISA!$A:$A,'Faltantes Fevereiro- Metalfisa'!AR$3,METALFISA!$B:$B,'Faltantes Fevereiro- Metalfisa'!$A197) -> 0 | AS197: =SUMIFS(METALFISA!$E:$E,METALFISA!$A:$A,'Faltantes Fevereiro- Metalfisa'!AS$3,METALFISA!$B:$B,'Faltantes Fevereiro- Metalfisa'!$A197) -> 0 | AU197: 0 | AV197: 0 | AW197: 0 | AX197: 0 | AY197: 0 | AZ197: 0 | BA197: 0 | BB197: 0 | BC197: 0 | BD197: 0 | BE197: 0 | BF197: 0 | BG197: 0 | BH197: 0 | BI197: 0 | BJ197: 0 | BK197: 0 | BL197: 0 | BM197: 0 | BN197: 1 | BO197: 1 | BP197: 0 | BQ197: 0 | BR197: 0 | BS197: 0 | BT197: 0 | BU197: 0 | BV197: 0 | BW197: 0 | BX197: 0 | BY197: 0 | BZ197: 0 | CA197: 0 | CB197: 0 | CC197: 0 | CD197: 0 | CE197: 0 | CF197: 0 | CG197: 0 | CH197: 0 | CI197: 0 | CJ197: 0 | CK197: 0 | CL197: 0
A198: 33.11.10065.01 | B198: TAMPA VERTICAL CAIXA L SV / 33.11.10065.01 | C198: 1 | D198: 0 | E198: 0 | F198: 0 | G198: 9 | H198: =IFERROR(VLOOKUP(A198,[1]FALTANTES!$A:$AB,28,FALSE),"-") -> 0 | I198: =IFERROR(VLOOKUP(A198,[1]FALTANTES!$A:$AC,29,FALSE),"-") -> 2 | J198: =IFERROR(VLOOKUP(A198,[1]FALTANTES!$A:$AD,30,FALSE),"-") -> -8 | K198: 0 | L198: =SUM(M198:AS198) -> 2 | M198: =SUMIFS(METALFISA!$E:$E,METALFISA!$A:$A,'Faltantes Fevereiro- Metalfisa'!M$3,METALFISA!$B:$B,'Faltantes Fevereiro- Metalfisa'!$A198) -> 0 | N198: =SUMIFS(METALFISA!$E:$E,METALFISA!$A:$A,'Faltantes Fevereiro- Metalfisa'!N$3,METALFISA!$B:$B,'Faltantes Fevereiro- Metalfisa'!$A198) -> 0 | O198: =SUMIFS(METALFISA!$E:$E,METALFISA!$A:$A,'Faltantes Fevereiro- Metalfisa'!O$3,METALFISA!$B:$B,'Faltantes Fevereiro- Metalfisa'!$A198) -> 0 | P198: =SUMIFS(METALFISA!$E:$E,METALFISA!$A:$A,'Faltantes Fevereiro- Metalfisa'!P$3,METALFISA!$B:$B,'Faltantes Fevereiro- Metalfisa'!$A198) -> 0 | Q198: =SUMIFS(METALFISA!$E:$E,METALFISA!$A:$A,'Faltantes Fevereiro- Metalfisa'!Q$3,METALFISA!$B:$B,'Faltantes Fevereiro- Metalfisa'!$A198) -> 0 | R198: =SUMIFS(METALFISA!$E:$E,METALFISA!$A:$A,'Faltantes Fevereiro- Metalfisa'!R$3,METALFISA!$B:$B,'Faltantes Fevereiro- Metalfisa'!$A198) -> 0 | S198: =SUMIFS(METALFISA!$E:$E,METALFISA!$A:$A,'Faltantes Fevereiro- Metalfisa'!S$3,METALFISA!$B:$B,'Faltantes Fevereiro- Metalfisa'!$A198) -> 0 | T198: =SUMIFS(METALFISA!$E:$E,METALFISA!$A:$A,'Faltantes Fevereiro- Metalfisa'!T$3,METALFISA!$B:$B,'Faltantes Fevereiro- Metalfisa'!$A198) -> 0 | ... AP198: =SUMIFS(METALFISA!$E:$E,METALFISA!$A:$A,'Faltantes Fevereiro- Metalfisa'!AP$3,METALFISA!$B:$B,'Faltantes Fevereiro- Metalfisa'!$A198) -> 0 | AR198: =SUMIFS(METALFISA!$E:$E,METALFISA!$A:$A,'Faltantes Fevereiro- Metalfisa'!AR$3,METALFISA!$B:$B,'Faltantes Fevereiro- Metalfisa'!$A198) -> 0 | AS198: =SUMIFS(METALFISA!$E:$E,METALFISA!$A:$A,'Faltantes Fevereiro- Metalfisa'!AS$3,METALFISA!$B:$B,'Faltantes Fevereiro- Metalfisa'!$A198) -> 0 | AU198: 0 | AV198: 0 | AW198: 0 | AX198: 0 | AY198: 0 | AZ198: 0 | BA198: 0 | BB198: 0 | BC198: 0 | BD198: 0 | BE198: 0 | BF198: 0 | BG198: 0 | BH198: 0 | BI198: 0 | BJ198: 0 | BK198: 0 | BL198: 0 | BM198: 0 | BN198: 1 | BO198: 1 | BP198: 0 | BQ198: 0 | BR198: 0 | BS198: 0 | BT198: 0 | BU198: 0 | BV198: 0 | BW198: 0 | BX198: 0 | BY198: 0 | BZ198: 0 | CA198: 0 | CB198: 0 | CC198: 0 | CD198: 0 | CE198: 0 | CF198: 0 | CG198: 0 | CH198: 0 | CI198: 0 | CJ198: 0 | CK198: 0 | CL198: 0
A199: 33.11.10067.01 | B199: TAMPA CAIXA L SV / 33.11.10067.01 | C199: 4 | D199: 0 | E199: 0 | F199: 0 | G199: 36 | H199: =IFERROR(VLOOKUP(A199,[1]FALTANTES!$A:$AB,28,FALSE),"-") -> 0 | I199: =IFERROR(VLOOKUP(A199,[1]FALTANTES!$A:$AC,29,FALSE),"-") -> 12 | J199: =IFERROR(VLOOKUP(A199,[1]FALTANTES!$A:$AD,30,FALSE),"-") -> -28 | K199: 0 | L199: =SUM(M199:AS199) -> 4 | M199: =SUMIFS(METALFISA!$E:$E,METALFISA!$A:$A,'Faltantes Fevereiro- Metalfisa'!M$3,METALFISA!$B:$B,'Faltantes Fevereiro- Metalfisa'!$A199) -> 0 | N199: =SUMIFS(METALFISA!$E:$E,METALFISA!$A:$A,'Faltantes Fevereiro- Metalfisa'!N$3,METALFISA!$B:$B,'Faltantes Fevereiro- Metalfisa'!$A199) -> 0 | O199: =SUMIFS(METALFISA!$E:$E,METALFISA!$A:$A,'Faltantes Fevereiro- Metalfisa'!O$3,METALFISA!$B:$B,'Faltantes Fevereiro- Metalfisa'!$A199) -> 0 | P199: =SUMIFS(METALFISA!$E:$E,METALFISA!$A:$A,'Faltantes Fevereiro- Metalfisa'!P$3,METALFISA!$B:$B,'Faltantes Fevereiro- Metalfisa'!$A199) -> 0 | Q199: =SUMIFS(METALFISA!$E:$E,METALFISA!$A:$A,'Faltantes Fevereiro- Metalfisa'!Q$3,METALFISA!$B:$B,'Faltantes Fevereiro- Metalfisa'!$A199) -> 0 | R199: =SUMIFS(METALFISA!$E:$E,METALFISA!$A:$A,'Faltantes Fevereiro- Metalfisa'!R$3,METALFISA!$B:$B,'Faltantes Fevereiro- Metalfisa'!$A199) -> 0 | S199: =SUMIFS(METALFISA!$E:$E,METALFISA!$A:$A,'Faltantes Fevereiro- Metalfisa'!S$3,METALFISA!$B:$B,'Faltantes Fevereiro- Metalfisa'!$A199) -> 0 | T199: =SUMIFS(METALFISA!$E:$E,METALFISA!$A:$A,'Faltantes Fevereiro- Metalfisa'!T$3,METALFISA!$B:$B,'Faltantes Fevereiro- Metalfisa'!$A199) -> 0 | ... AP199: =SUMIFS(METALFISA!$E:$E,METALFISA!$A:$A,'Faltantes Fevereiro- Metalfisa'!AP$3,METALFISA!$B:$B,'Faltantes Fevereiro- Metalfisa'!$A199) -> 0 | AR199: =SUMIFS(METALFISA!$E:$E,METALFISA!$A:$A,'Faltantes Fevereiro- Metalfisa'!AR$3,METALFISA!$B:$B,'Faltantes Fevereiro- Metalfisa'!$A199) -> 0 | AS199: =SUMIFS(METALFISA!$E:$E,METALFISA!$A:$A,'Faltantes Fevereiro- Metalfisa'!AS$3,METALFISA!$B:$B,'Faltantes Fevereiro- Metalfisa'!$A199) -> 0 | AU199: 0 | AV199: 0 | AW199: 0 | AX199: 0 | AY199: 0 | AZ199: 0 | BA199: 0 | BB199: 0 | BC199: 0 | BD199: 0 | BE199: 0 | BF199: 0 | BG199: 0 | BH199: 0 | BI199: 0 | BJ199: 0 | BK199: 0 | BL199: 0 | BM199: 0 | BN199: 4 | BO199: 4 | BP199: 0 | BQ199: 0 | BR199: 0 | BS199: 0 | BT199: 0 | BU199: 0 | BV199: 0 | BW199: 0 | BX199: 0 | BY199: 0 | BZ199: 0 | CA199: 0 | CB199: 0 | CC199: 0 | CD199: 0 | CE199: 0 | CF199: 0 | CG199: 0 | CH199: 0 | CI199: 0 | CJ199: 0 | CK199: 0 | CL199: 0
A200: 33.11.10069.00 | B200: VEDACAO TAMPA CAIXA L SV / 33.11.10069.00 | C200: 0 | D200: 0 | E200: 0 | F200: 0 | G200: 36 | H200: =IFERROR(VLOOKUP(A200,[1]FALTANTES!$A:$AB,28,FALSE),"-") -> 0 | I200: =IFERROR(VLOOKUP(A200,[1]FALTANTES!$A:$AC,29,FALSE),"-") -> 8 | J200: =IFERROR(VLOOKUP(A200,[1]FALTANTES!$A:$AD,30,FALSE),"-") -> -28 | K200: 0 | L200: =SUM(M200:AS200) -> 8 | M200: =SUMIFS(METALFISA!$E:$E,METALFISA!$A:$A,'Faltantes Fevereiro- Metalfisa'!M$3,METALFISA!$B:$B,'Faltantes Fevereiro- Metalfisa'!$A200) -> 0 | N200: =SUMIFS(METALFISA!$E:$E,METALFISA!$A:$A,'Faltantes Fevereiro- Metalfisa'!N$3,METALFISA!$B:$B,'Faltantes Fevereiro- Metalfisa'!$A200) -> 0 | O200: =SUMIFS(METALFISA!$E:$E,METALFISA!$A:$A,'Faltantes Fevereiro- Metalfisa'!O$3,METALFISA!$B:$B,'Faltantes Fevereiro- Metalfisa'!$A200) -> 0 | P200: =SUMIFS(METALFISA!$E:$E,METALFISA!$A:$A,'Faltantes Fevereiro- Metalfisa'!P$3,METALFISA!$B:$B,'Faltantes Fevereiro- Metalfisa'!$A200) -> 0 | Q200: =SUMIFS(METALFISA!$E:$E,METALFISA!$A:$A,'Faltantes Fevereiro- Metalfisa'!Q$3,METALFISA!$B:$B,'Faltantes Fevereiro- Metalfisa'!$A200) -> 0 | R200: =SUMIFS(METALFISA!$E:$E,METALFISA!$A:$A,'Faltantes Fevereiro- Metalfisa'!R$3,METALFISA!$B:$B,'Faltantes Fevereiro- Metalfisa'!$A200) -> 0 | S200: =SUMIFS(METALFISA!$E:$E,METALFISA!$A:$A,'Faltantes Fevereiro- Metalfisa'!S$3,METALFISA!$B:$B,'Faltantes Fevereiro- Metalfisa'!$A200) -> 0 | T200: =SUMIFS(METALFISA!$E:$E,METALFISA!$A:$A,'Faltantes Fevereiro- Metalfisa'!T$3,METALFISA!$B:$B,'Faltantes Fevereiro- Metalfisa'!$A200) -> 0 | ... AP200: =SUMIFS(METALFISA!$E:$E,METALFISA!$A:$A,'Faltantes Fevereiro- Metalfisa'!AP$3,METALFISA!$B:$B,'Faltantes Fevereiro- Metalfisa'!$A200) -> 0 | AR200: =SUMIFS(METALFISA!$E:$E,METALFISA!$A:$A,'Faltantes Fevereiro- Metalfisa'!AR$3,METALFISA!$B:$B,'Faltantes Fevereiro- Metalfisa'!$A200) -> 0 | AS200: =SUMIFS(METALFISA!$E:$E,METALFISA!$A:$A,'Faltantes Fevereiro- Metalfisa'!AS$3,METALFISA!$B:$B,'Faltantes Fevereiro- Metalfisa'!$A200) -> 0 | AU200: 0 | AV200: 0 | AW200: 0 | AX200: 0 | AY200: 0 | AZ200: 0 | BA200: 0 | BB200: 0 | BC200: 0 | BD200: 0 | BE200: 0 | BF200: 0 | BG200: 0 | BH200: 0 | BI200: 0 | BJ200: 0 | BK200: 0 | BL200: 0 | BM200: 0 | BN200: 4 | BO200: 4 | BP200: 0 | BQ200: 0 | BR200: 0 | BS200: 0 | BT200: 0 | BU200: 0 | BV200: 0 | BW200: 0 | BX200: 0 | BY200: 0 | BZ200: 0 | CA200: 0 | CB200: 0 | CC200: 0 | CD200: 0 | CE200: 0 | CF200: 0 | CG200: 0 | CH200: 0 | CI200: 0 | CJ200: 0 | CK200: 0 | CL200: 0
A201: 33.11.10070.01 | B201: TAMPA CAIXA L SV / 33.11.10070.01 | C201: 1 | D201: 0 | E201: 0 | F201: 0 | G201: 9 | H201: =IFERROR(VLOOKUP(A201,[1]FALTANTES!$A:$AB,28,FALSE),"-") -> 0 | I201: =IFERROR(VLOOKUP(A201,[1]FALTANTES!$A:$AC,29,FALSE),"-") -> 2 | J201: =IFERROR(VLOOKUP(A201,[1]FALTANTES!$A:$AD,30,FALSE),"-") -> -8 | L201: =SUM(M201:AS201) -> 2 | M201: =SUMIFS(METALFISA!$E:$E,METALFISA!$A:$A,'Faltantes Fevereiro- Metalfisa'!M$3,METALFISA!$B:$B,'Faltantes Fevereiro- Metalfisa'!$A201) -> 0 | N201: =SUMIFS(METALFISA!$E:$E,METALFISA!$A:$A,'Faltantes Fevereiro- Metalfisa'!N$3,METALFISA!$B:$B,'Faltantes Fevereiro- Metalfisa'!$A201) -> 0 | O201: =SUMIFS(METALFISA!$E:$E,METALFISA!$A:$A,'Faltantes Fevereiro- Metalfisa'!O$3,METALFISA!$B:$B,'Faltantes Fevereiro- Metalfisa'!$A201) -> 0 | P201: =SUMIFS(METALFISA!$E:$E,METALFISA!$A:$A,'Faltantes Fevereiro- Metalfisa'!P$3,METALFISA!$B:$B,'Faltantes Fevereiro- Metalfisa'!$A201) -> 0 | Q201: =SUMIFS(METALFISA!$E:$E,METALFISA!$A:$A,'Faltantes Fevereiro- Metalfisa'!Q$3,METALFISA!$B:$B,'Faltantes Fevereiro- Metalfisa'!$A201) -> 0 | R201: =SUMIFS(METALFISA!$E:$E,METALFISA!$A:$A,'Faltantes Fevereiro- Metalfisa'!R$3,METALFISA!$B:$B,'Faltantes Fevereiro- Metalfisa'!$A201) -> 0 | S201: =SUMIFS(METALFISA!$E:$E,METALFISA!$A:$A,'Faltantes Fevereiro- Metalfisa'!S$3,METALFISA!$B:$B,'Faltantes Fevereiro- Metalfisa'!$A201) -> 0 | T201: =SUMIFS(METALFISA!$E:$E,METALFISA!$A:$A,'Faltantes Fevereiro- Metalfisa'!T$3,METALFISA!$B:$B,'Faltantes Fevereiro- Metalfisa'!$A201) -> 0 | ... AP201: =SUMIFS(METALFISA!$E:$E,METALFISA!$A:$A,'Faltantes Fevereiro- Metalfisa'!AP$3,METALFISA!$B:$B,'Faltantes Fevereiro- Metalfisa'!$A201) -> 0 | AR201: =SUMIFS(METALFISA!$E:$E,METALFISA!$A:$A,'Faltantes Fevereiro- Metalfisa'!AR$3,METALFISA!$B:$B,'Faltantes Fevereiro- Metalfisa'!$A201) -> 0 | AS201: =SUMIFS(METALFISA!$E:$E,METALFISA!$A:$A,'Faltantes Fevereiro- Metalfisa'!AS$3,METALFISA!$B:$B,'Faltantes Fevereiro- Metalfisa'!$A201) -> 0 | AU201: 0 | AV201: 0 | AW201: 0 | AX201: 0 | AY201: 0 | AZ201: 0 | BA201: 0 | BB201: 0 | BC201: 0 | BD201: 0 | BE201: 0 | BF201: 0 | BG201: 0 | BH201: 0 | BI201: 0 | BJ201: 0 | BK201: 0 | BL201: 0 | BM201: 0 | BN201: 1 | BO201: 1 | BP201: 0 | BQ201: 0 | BR201: 0 | BS201: 0 | BT201: 0 | BU201: 0 | BV201: 0 | BW201: 0 | BX201: 0 | BY201: 0 | BZ201: 0 | CA201: 0 | CB201: 0 | CC201: 0 | CD201: 0 | CE201: 0 | CF201: 0 | CG201: 0 | CH201: 0 | CI201: 0 | CJ201: 0 | CK201: 0 | CL201: 0
A202: 33.11.10072.00 | B202: TAMPA VEDACAO CAIXA L SV / 33.11.10072.00 | C202: 0 | D202: 0 | E202: 0 | F202: 0 | G202: 17 | H202: =IFERROR(VLOOKUP(A202,[1]FALTANTES!$A:$AB,28,FALSE),"-") -> 0 | I202: =IFERROR(VLOOKUP(A202,[1]FALTANTES!$A:$AC,29,FALSE),"-") -> 4 | J202: =IFERROR(VLOOKUP(A202,[1]FALTANTES!$A:$AD,30,FALSE),"-") -> -13 | L202: =SUM(M202:AS202) -> 4 | M202: =SUMIFS(METALFISA!$E:$E,METALFISA!$A:$A,'Faltantes Fevereiro- Metalfisa'!M$3,METALFISA!$B:$B,'Faltantes Fevereiro- Metalfisa'!$A202) -> 0 | N202: =SUMIFS(METALFISA!$E:$E,METALFISA!$A:$A,'Faltantes Fevereiro- Metalfisa'!N$3,METALFISA!$B:$B,'Faltantes Fevereiro- Metalfisa'!$A202) -> 0 | O202: =SUMIFS(METALFISA!$E:$E,METALFISA!$A:$A,'Faltantes Fevereiro- Metalfisa'!O$3,METALFISA!$B:$B,'Faltantes Fevereiro- Metalfisa'!$A202) -> 0 | P202: =SUMIFS(METALFISA!$E:$E,METALFISA!$A:$A,'Faltantes Fevereiro- Metalfisa'!P$3,METALFISA!$B:$B,'Faltantes Fevereiro- Metalfisa'!$A202) -> 0 | Q202: =SUMIFS(METALFISA!$E:$E,METALFISA!$A:$A,'Faltantes Fevereiro- Metalfisa'!Q$3,METALFISA!$B:$B,'Faltantes Fevereiro- Metalfisa'!$A202) -> 0 | R202: =SUMIFS(METALFISA!$E:$E,METALFISA!$A:$A,'Faltantes Fevereiro- Metalfisa'!R$3,METALFISA!$B:$B,'Faltantes Fevereiro- Metalfisa'!$A202) -> 0 | S202: =SUMIFS(METALFISA!$E:$E,METALFISA!$A:$A,'Faltantes Fevereiro- Metalfisa'!S$3,METALFISA!$B:$B,'Faltantes Fevereiro- Metalfisa'!$A202) -> 0 | T202: =SUMIFS(METALFISA!$E:$E,METALFISA!$A:$A,'Faltantes Fevereiro- Metalfisa'!T$3,METALFISA!$B:$B,'Faltantes Fevereiro- Metalfisa'!$A202) -> 0 | ... AP202: =SUMIFS(METALFISA!$E:$E,METALFISA!$A:$A,'Faltantes Fevereiro- Metalfisa'!AP$3,METALFISA!$B:$B,'Faltantes Fevereiro- Metalfisa'!$A202) -> 0 | AR202: =SUMIFS(METALFISA!$E:$E,METALFISA!$A:$A,'Faltantes Fevereiro- Metalfisa'!AR$3,METALFISA!$B:$B,'Faltantes Fevereiro- Metalfisa'!$A202) -> 0 | AS202: =SUMIFS(METALFISA!$E:$E,METALFISA!$A:$A,'Faltantes Fevereiro- Metalfisa'!AS$3,METALFISA!$B:$B,'Faltantes Fevereiro- Metalfisa'!$A202) -> 0 | AU202: 0 | AV202: 0 | AW202: 0 | AX202: 0 | AY202: 0 | AZ202: 0 | BA202: 0 | BB202: 0 | BC202: 0 | BD202: 0 | BE202: 0 | BF202: 0 | BG202: 0 | BH202: 0 | BI202: 0 | BJ202: 0 | BK202: 0 | BL202: 0 | BM202: 0 | BN202: 2 | BO202: 2 | BP202: 0 | BQ202: 0 | BR202: 0 | BS202: 0 | BT202: 0 | BU202: 0 | BV202: 0 | BW202: 0 | BX202: 0 | BY202: 0 | BZ202: 0 | CA202: 0 | CB202: 0 | CC202: 0 | CD202: 0 | CE202: 0 | CF202: 0 | CG202: 0 | CH202: 0 | CI202: 0 | CJ202: 0 | CK202: 0 | CL202: 0
A203: 33.11.10075.00 | B203: TUNEL ACESSO MOTOR / 33.11.10075.00 | C203: 1 | D203: 0 | E203: 0 | F203: 0 | G203: 9 | H203: =IFERROR(VLOOKUP(A203,[1]FALTANTES!$A:$AB,28,FALSE),"-") -> 0 | I203: =IFERROR(VLOOKUP(A203,[1]FALTANTES!$A:$AC,29,FALSE),"-") -> 2 | J203: =IFERROR(VLOOKUP(A203,[1]FALTANTES!$A:$AD,30,FALSE),"-") -> -8 | L203: =SUM(M203:AS203) -> 2 | M203: =SUMIFS(METALFISA!$E:$E,METALFISA!$A:$A,'Faltantes Fevereiro- Metalfisa'!M$3,METALFISA!$B:$B,'Faltantes Fevereiro- Metalfisa'!$A203) -> 0 | N203: =SUMIFS(METALFISA!$E:$E,METALFISA!$A:$A,'Faltantes Fevereiro- Metalfisa'!N$3,METALFISA!$B:$B,'Faltantes Fevereiro- Metalfisa'!$A203) -> 0 | O203: =SUMIFS(METALFISA!$E:$E,METALFISA!$A:$A,'Faltantes Fevereiro- Metalfisa'!O$3,METALFISA!$B:$B,'Faltantes Fevereiro- Metalfisa'!$A203) -> 0 | P203: =SUMIFS(METALFISA!$E:$E,METALFISA!$A:$A,'Faltantes Fevereiro- Metalfisa'!P$3,METALFISA!$B:$B,'Faltantes Fevereiro- Metalfisa'!$A203) -> 0 | Q203: =SUMIFS(METALFISA!$E:$E,METALFISA!$A:$A,'Faltantes Fevereiro- Metalfisa'!Q$3,METALFISA!$B:$B,'Faltantes Fevereiro- Metalfisa'!$A203) -> 0 | R203: =SUMIFS(METALFISA!$E:$E,METALFISA!$A:$A,'Faltantes Fevereiro- Metalfisa'!R$3,METALFISA!$B:$B,'Faltantes Fevereiro- Metalfisa'!$A203) -> 0 | S203: =SUMIFS(METALFISA!$E:$E,METALFISA!$A:$A,'Faltantes Fevereiro- Metalfisa'!S$3,METALFISA!$B:$B,'Faltantes Fevereiro- Metalfisa'!$A203) -> 0 | T203: =SUMIFS(METALFISA!$E:$E,METALFISA!$A:$A,'Faltantes Fevereiro- Metalfisa'!T$3,METALFISA!$B:$B,'Faltantes Fevereiro- Metalfisa'!$A203) -> 0 | ... AP203: =SUMIFS(METALFISA!$E:$E,METALFISA!$A:$A,'Faltantes Fevereiro- Metalfisa'!AP$3,METALFISA!$B:$B,'Faltantes Fevereiro- Metalfisa'!$A203) -> 0 | AR203: =SUMIFS(METALFISA!$E:$E,METALFISA!$A:$A,'Faltantes Fevereiro- Metalfisa'!AR$3,METALFISA!$B:$B,'Faltantes Fevereiro- Metalfisa'!$A203) -> 0 | AS203: =SUMIFS(METALFISA!$E:$E,METALFISA!$A:$A,'Faltantes Fevereiro- Metalfisa'!AS$3,METALFISA!$B:$B,'Faltantes Fevereiro- Metalfisa'!$A203) -> 0 | AU203: 0 | AV203: 0 | AW203: 0 | AX203: 0 | AY203: 0 | AZ203: 0 | BA203: 0 | BB203: 0 | BC203: 0 | BD203: 0 | BE203: 0 | BF203: 0 | BG203: 0 | BH203: 0 | BI203: 0 | BJ203: 0 | BK203: 0 | BL203: 0 | BM203: 0 | BN203: 1 | BO203: 1 | BP203: 0 | BQ203: 0 | BR203: 0 | BS203: 0 | BT203: 0 | BU203: 0 | BV203: 0 | BW203: 0 | BX203: 0 | BY203: 0 | BZ203: 0 | CA203: 0 | CB203: 0 | CC203: 0 | CD203: 0 | CE203: 0 | CF203: 0 | CG203: 0 | CH203: 0 | CI203: 0 | CJ203: 0 | CK203: 0 | CL203: 0
A204: 33.11.10076.01 | B204: TUNEL / 33.11.10076.01 | C204: 0 | D204: 0 | E204: 0 | F204: 0 | G204: 9 | H204: =IFERROR(VLOOKUP(A204,[1]FALTANTES!$A:$AB,28,FALSE),"-") -> 0 | I204: =IFERROR(VLOOKUP(A204,[1]FALTANTES!$A:$AC,29,FALSE),"-") -> 0 | J204: =IFERROR(VLOOKUP(A204,[1]FALTANTES!$A:$AD,30,FALSE),"-") -> -9 | K204: 0 | L204: =SUM(M204:AS204) -> 2 | M204: =SUMIFS(METALFISA!$E:$E,METALFISA!$A:$A,'Faltantes Fevereiro- Metalfisa'!M$3,METALFISA!$B:$B,'Faltantes Fevereiro- Metalfisa'!$A204) -> 0 | N204: =SUMIFS(METALFISA!$E:$E,METALFISA!$A:$A,'Faltantes Fevereiro- Metalfisa'!N$3,METALFISA!$B:$B,'Faltantes Fevereiro- Metalfisa'!$A204) -> 0 | O204: =SUMIFS(METALFISA!$E:$E,METALFISA!$A:$A,'Faltantes Fevereiro- Metalfisa'!O$3,METALFISA!$B:$B,'Faltantes Fevereiro- Metalfisa'!$A204) -> 0 | P204: =SUMIFS(METALFISA!$E:$E,METALFISA!$A:$A,'Faltantes Fevereiro- Metalfisa'!P$3,METALFISA!$B:$B,'Faltantes Fevereiro- Metalfisa'!$A204) -> 0 | Q204: =SUMIFS(METALFISA!$E:$E,METALFISA!$A:$A,'Faltantes Fevereiro- Metalfisa'!Q$3,METALFISA!$B:$B,'Faltantes Fevereiro- Metalfisa'!$A204) -> 0 | R204: =SUMIFS(METALFISA!$E:$E,METALFISA!$A:$A,'Faltantes Fevereiro- Metalfisa'!R$3,METALFISA!$B:$B,'Faltantes Fevereiro- Metalfisa'!$A204) -> 0 | S204: =SUMIFS(METALFISA!$E:$E,METALFISA!$A:$A,'Faltantes Fevereiro- Metalfisa'!S$3,METALFISA!$B:$B,'Faltantes Fevereiro- Metalfisa'!$A204) -> 0 | T204: =SUMIFS(METALFISA!$E:$E,METALFISA!$A:$A,'Faltantes Fevereiro- Metalfisa'!T$3,METALFISA!$B:$B,'Faltantes Fevereiro- Metalfisa'!$A204) -> 0 | ... AP204: =SUMIFS(METALFISA!$E:$E,METALFISA!$A:$A,'Faltantes Fevereiro- Metalfisa'!AP$3,METALFISA!$B:$B,'Faltantes Fevereiro- Metalfisa'!$A204) -> 0 | AR204: =SUMIFS(METALFISA!$E:$E,METALFISA!$A:$A,'Faltantes Fevereiro- Metalfisa'!AR$3,METALFISA!$B:$B,'Faltantes Fevereiro- Metalfisa'!$A204) -> 0 | AS204: =SUMIFS(METALFISA!$E:$E,METALFISA!$A:$A,'Faltantes Fevereiro- Metalfisa'!AS$3,METALFISA!$B:$B,'Faltantes Fevereiro- Metalfisa'!$A204) -> 0 | AU204: 0 | AV204: 0 | AW204: 0 | AX204: 0 | AY204: 0 | AZ204: 0 | BA204: 0 | BB204: 0 | BC204: 0 | BD204: 0 | BE204: 0 | BF204: 0 | BG204: 0 | BH204: 0 | BI204: 0 | BJ204: 0 | BK204: 0 | BL204: 0 | BM204: 0 | BN204: 1 | BO204: 1 | BP204: 0 | BQ204: 0 | BR204: 0 | BS204: 0 | BT204: 0 | BU204: 0 | BV204: 0 | BW204: 0 | BX204: 0 | BY204: 0 | BZ204: 0 | CA204: 0 | CB204: 0 | CC204: 0 | CD204: 0 | CE204: 0 | CF204: 0 | CG204: 0 | CH204: 0 | CI204: 0 | CJ204: 0 | CK204: 0 | CL204: 0
A205: 33.11.10077.01 | B205: TUNEL / 33.11.10077.01 | C205: 0 | D205: 0 | E205: 0 | F205: 0 | G205: 9 | H205: =IFERROR(VLOOKUP(A205,[1]FALTANTES!$A:$AB,28,FALSE),"-") -> 0 | I205: =IFERROR(VLOOKUP(A205,[1]FALTANTES!$A:$AC,29,FALSE),"-") -> 2 | J205: =IFERROR(VLOOKUP(A205,[1]FALTANTES!$A:$AD,30,FALSE),"-") -> -7 | L205: =SUM(M205:AS205) -> 2 | M205: =SUMIFS(METALFISA!$E:$E,METALFISA!$A:$A,'Faltantes Fevereiro- Metalfisa'!M$3,METALFISA!$B:$B,'Faltantes Fevereiro- Metalfisa'!$A205) -> 0 | N205: =SUMIFS(METALFISA!$E:$E,METALFISA!$A:$A,'Faltantes Fevereiro- Metalfisa'!N$3,METALFISA!$B:$B,'Faltantes Fevereiro- Metalfisa'!$A205) -> 0 | O205: =SUMIFS(METALFISA!$E:$E,METALFISA!$A:$A,'Faltantes Fevereiro- Metalfisa'!O$3,METALFISA!$B:$B,'Faltantes Fevereiro- Metalfisa'!$A205) -> 0 | P205: =SUMIFS(METALFISA!$E:$E,METALFISA!$A:$A,'Faltantes Fevereiro- Metalfisa'!P$3,METALFISA!$B:$B,'Faltantes Fevereiro- Metalfisa'!$A205) -> 0 | Q205: =SUMIFS(METALFISA!$E:$E,METALFISA!$A:$A,'Faltantes Fevereiro- Metalfisa'!Q$3,METALFISA!$B:$B,'Faltantes Fevereiro- Metalfisa'!$A205) -> 0 | R205: =SUMIFS(METALFISA!$E:$E,METALFISA!$A:$A,'Faltantes Fevereiro- Metalfisa'!R$3,METALFISA!$B:$B,'Faltantes Fevereiro- Metalfisa'!$A205) -> 0 | S205: =SUMIFS(METALFISA!$E:$E,METALFISA!$A:$A,'Faltantes Fevereiro- Metalfisa'!S$3,METALFISA!$B:$B,'Faltantes Fevereiro- Metalfisa'!$A205) -> 0 | T205: =SUMIFS(METALFISA!$E:$E,METALFISA!$A:$A,'Faltantes Fevereiro- Metalfisa'!T$3,METALFISA!$B:$B,'Faltantes Fevereiro- Metalfisa'!$A205) -> 0 | ... AP205: =SUMIFS(METALFISA!$E:$E,METALFISA!$A:$A,'Faltantes Fevereiro- Metalfisa'!AP$3,METALFISA!$B:$B,'Faltantes Fevereiro- Metalfisa'!$A205) -> 0 | AR205: =SUMIFS(METALFISA!$E:$E,METALFISA!$A:$A,'Faltantes Fevereiro- Metalfisa'!AR$3,METALFISA!$B:$B,'Faltantes Fevereiro- Metalfisa'!$A205) -> 0 | AS205: =SUMIFS(METALFISA!$E:$E,METALFISA!$A:$A,'Faltantes Fevereiro- Metalfisa'!AS$3,METALFISA!$B:$B,'Faltantes Fevereiro- Metalfisa'!$A205) -> 0 | AU205: 0 | AV205: 0 | AW205: 0 | AX205: 0 | AY205: 0 | AZ205: 0 | BA205: 0 | BB205: 0 | BC205: 0 | BD205: 0 | BE205: 0 | BF205: 0 | BG205: 0 | BH205: 0 | BI205: 0 | BJ205: 0 | BK205: 0 | BL205: 0 | BM205: 0 | BN205: 1 | BO205: 1 | BP205: 0 | BQ205: 0 | BR205: 0 | BS205: 0 | BT205: 0 | BU205: 0 | BV205: 0 | BW205: 0 | BX205: 0 | BY205: 0 | BZ205: 0 | CA205: 0 | CB205: 0 | CC205: 0 | CD205: 0 | CE205: 0 | CF205: 0 | CG205: 0 | CH205: 0 | CI205: 0 | CJ205: 0 | CK205: 0 | CL205: 0
A206: 33.11.10079.01 | B206: TUNEL SUPERIOR / 33.11.10079.01 | C206: 1 | D206: 0 | E206: 0 | F206: 0 | G206: 9 | H206: =IFERROR(VLOOKUP(A206,[1]FALTANTES!$A:$AB,28,FALSE),"-") -> 0 | I206: =IFERROR(VLOOKUP(A206,[1]FALTANTES!$A:$AC,29,FALSE),"-") -> 3 | J206: =IFERROR(VLOOKUP(A206,[1]FALTANTES!$A:$AD,30,FALSE),"-") -> -7 | L206: =SUM(M206:AS206) -> 1 | M206: =SUMIFS(METALFISA!$E:$E,METALFISA!$A:$A,'Faltantes Fevereiro- Metalfisa'!M$3,METALFISA!$B:$B,'Faltantes Fevereiro- Metalfisa'!$A206) -> 0 | N206: =SUMIFS(METALFISA!$E:$E,METALFISA!$A:$A,'Faltantes Fevereiro- Metalfisa'!N$3,METALFISA!$B:$B,'Faltantes Fevereiro- Metalfisa'!$A206) -> 0 | O206: =SUMIFS(METALFISA!$E:$E,METALFISA!$A:$A,'Faltantes Fevereiro- Metalfisa'!O$3,METALFISA!$B:$B,'Faltantes Fevereiro- Metalfisa'!$A206) -> 0 | P206: =SUMIFS(METALFISA!$E:$E,METALFISA!$A:$A,'Faltantes Fevereiro- Metalfisa'!P$3,METALFISA!$B:$B,'Faltantes Fevereiro- Metalfisa'!$A206) -> 0 | Q206: =SUMIFS(METALFISA!$E:$E,METALFISA!$A:$A,'Faltantes Fevereiro- Metalfisa'!Q$3,METALFISA!$B:$B,'Faltantes Fevereiro- Metalfisa'!$A206) -> 0 | R206: =SUMIFS(METALFISA!$E:$E,METALFISA!$A:$A,'Faltantes Fevereiro- Metalfisa'!R$3,METALFISA!$B:$B,'Faltantes Fevereiro- Metalfisa'!$A206) -> 0 | S206: =SUMIFS(METALFISA!$E:$E,METALFISA!$A:$A,'Faltantes Fevereiro- Metalfisa'!S$3,METALFISA!$B:$B,'Faltantes Fevereiro- Metalfisa'!$A206) -> 0 | T206: =SUMIFS(METALFISA!$E:$E,METALFISA!$A:$A,'Faltantes Fevereiro- Metalfisa'!T$3,METALFISA!$B:$B,'Faltantes Fevereiro- Metalfisa'!$A206) -> 0 | ... AP206: =SUMIFS(METALFISA!$E:$E,METALFISA!$A:$A,'Faltantes Fevereiro- Metalfisa'!AP$3,METALFISA!$B:$B,'Faltantes Fevereiro- Metalfisa'!$A206) -> 0 | AR206: =SUMIFS(METALFISA!$E:$E,METALFISA!$A:$A,'Faltantes Fevereiro- Metalfisa'!AR$3,METALFISA!$B:$B,'Faltantes Fevereiro- Metalfisa'!$A206) -> 0 | AS206: =SUMIFS(METALFISA!$E:$E,METALFISA!$A:$A,'Faltantes Fevereiro- Metalfisa'!AS$3,METALFISA!$B:$B,'Faltantes Fevereiro- Metalfisa'!$A206) -> 0 | AU206: 0 | AV206: 0 | AW206: 0 | AX206: 0 | AY206: 0 | AZ206: 0 | BA206: 0 | BB206: 0 | BC206: 0 | BD206: 0 | BE206: 0 | BF206: 0 | BG206: 0 | BH206: 0 | BI206: 0 | BJ206: 0 | BK206: 0 | BL206: 0 | BM206: 0 | BN206: 1 | BO206: 1 | BP206: 0 | BQ206: 0 | BR206: 0 | BS206: 0 | BT206: 0 | BU206: 0 | BV206: 0 | BW206: 0 | BX206: 0 | BY206: 0 | BZ206: 0 | CA206: 0 | CB206: 0 | CC206: 0 | CD206: 0 | CE206: 0 | CF206: 0 | CG206: 0 | CH206: 0 | CI206: 0 | CJ206: 0 | CK206: 0 | CL206: 0
A207: 33.11.10092.01 | B207: FIXACAO PESCOCO / 33.11.10092.01 | C207: 2 | D207: 0 | E207: 0 | F207: 0 | G207: 9 | H207: =IFERROR(VLOOKUP(A207,[1]FALTANTES!$A:$AB,28,FALSE),"-") -> 0 | I207: =IFERROR(VLOOKUP(A207,[1]FALTANTES!$A:$AC,29,FALSE),"-") -> 2 | J207: =IFERROR(VLOOKUP(A207,[1]FALTANTES!$A:$AD,30,FALSE),"-") -> -9 | K207: 0 | L207: =SUM(M207:AS207) -> 2 | M207: =SUMIFS(METALFISA!$E:$E,METALFISA!$A:$A,'Faltantes Fevereiro- Metalfisa'!M$3,METALFISA!$B:$B,'Faltantes Fevereiro- Metalfisa'!$A207) -> 0 | N207: =SUMIFS(METALFISA!$E:$E,METALFISA!$A:$A,'Faltantes Fevereiro- Metalfisa'!N$3,METALFISA!$B:$B,'Faltantes Fevereiro- Metalfisa'!$A207) -> 0 | O207: =SUMIFS(METALFISA!$E:$E,METALFISA!$A:$A,'Faltantes Fevereiro- Metalfisa'!O$3,METALFISA!$B:$B,'Faltantes Fevereiro- Metalfisa'!$A207) -> 0 | P207: =SUMIFS(METALFISA!$E:$E,METALFISA!$A:$A,'Faltantes Fevereiro- Metalfisa'!P$3,METALFISA!$B:$B,'Faltantes Fevereiro- Metalfisa'!$A207) -> 0 | Q207: =SUMIFS(METALFISA!$E:$E,METALFISA!$A:$A,'Faltantes Fevereiro- Metalfisa'!Q$3,METALFISA!$B:$B,'Faltantes Fevereiro- Metalfisa'!$A207) -> 0 | R207: =SUMIFS(METALFISA!$E:$E,METALFISA!$A:$A,'Faltantes Fevereiro- Metalfisa'!R$3,METALFISA!$B:$B,'Faltantes Fevereiro- Metalfisa'!$A207) -> 0 | S207: =SUMIFS(METALFISA!$E:$E,METALFISA!$A:$A,'Faltantes Fevereiro- Metalfisa'!S$3,METALFISA!$B:$B,'Faltantes Fevereiro- Metalfisa'!$A207) -> 0 | T207: =SUMIFS(METALFISA!$E:$E,METALFISA!$A:$A,'Faltantes Fevereiro- Metalfisa'!T$3,METALFISA!$B:$B,'Faltantes Fevereiro- Metalfisa'!$A207) -> 0 | ... AP207: =SUMIFS(METALFISA!$E:$E,METALFISA!$A:$A,'Faltantes Fevereiro- Metalfisa'!AP$3,METALFISA!$B:$B,'Faltantes Fevereiro- Metalfisa'!$A207) -> 0 | AR207: =SUMIFS(METALFISA!$E:$E,METALFISA!$A:$A,'Faltantes Fevereiro- Metalfisa'!AR$3,METALFISA!$B:$B,'Faltantes Fevereiro- Metalfisa'!$A207) -> 0 | AS207: =SUMIFS(METALFISA!$E:$E,METALFISA!$A:$A,'Faltantes Fevereiro- Metalfisa'!AS$3,METALFISA!$B:$B,'Faltantes Fevereiro- Metalfisa'!$A207) -> 0 | AU207: 0 | AV207: 0 | AW207: 0 | AX207: 0 | AY207: 0 | AZ207: 0 | BA207: 0 | BB207: 0 | BC207: 0 | BD207: 0 | BE207: 0 | BF207: 0 | BG207: 0 | BH207: 0 | BI207: 0 | BJ207: 0 | BK207: 0 | BL207: 0 | BM207: 0 | BN207: 1 | BO207: 1 | BP207: 0 | BQ207: 0 | BR207: 0 | BS207: 0 | BT207: 0 | BU207: 0 | BV207: 0 | BW207: 0 | BX207: 0 | BY207: 0 | BZ207: 0 | CA207: 0 | CB207: 0 | CC207: 0 | CD207: 0 | CE207: 0 | CF207: 0 | CG207: 0 | CH207: 0 | CI207: 0 | CJ207: 0 | CK207: 0 | CL207: 0
A208: 33.11.10094.01 | B208: PAINEL ELETRICO / 33.11.10094.01 | C208: 0 | D208: 0 | E208: 0 | F208: 0 | G208: 9 | H208: =IFERROR(VLOOKUP(A208,[1]FALTANTES!$A:$AB,28,FALSE),"-") -> 0 | I208: =IFERROR(VLOOKUP(A208,[1]FALTANTES!$A:$AC,29,FALSE),"-") -> 2 | J208: =IFERROR(VLOOKUP(A208,[1]FALTANTES!$A:$AD,30,FALSE),"-") -> -7 | K208: 0 | L208: =SUM(M208:AS208) -> 2 | M208: =SUMIFS(METALFISA!$E:$E,METALFISA!$A:$A,'Faltantes Fevereiro- Metalfisa'!M$3,METALFISA!$B:$B,'Faltantes Fevereiro- Metalfisa'!$A208) -> 0 | N208: =SUMIFS(METALFISA!$E:$E,METALFISA!$A:$A,'Faltantes Fevereiro- Metalfisa'!N$3,METALFISA!$B:$B,'Faltantes Fevereiro- Metalfisa'!$A208) -> 0 | O208: =SUMIFS(METALFISA!$E:$E,METALFISA!$A:$A,'Faltantes Fevereiro- Metalfisa'!O$3,METALFISA!$B:$B,'Faltantes Fevereiro- Metalfisa'!$A208) -> 0 | P208: =SUMIFS(METALFISA!$E:$E,METALFISA!$A:$A,'Faltantes Fevereiro- Metalfisa'!P$3,METALFISA!$B:$B,'Faltantes Fevereiro- Metalfisa'!$A208) -> 0 | Q208: =SUMIFS(METALFISA!$E:$E,METALFISA!$A:$A,'Faltantes Fevereiro- Metalfisa'!Q$3,METALFISA!$B:$B,'Faltantes Fevereiro- Metalfisa'!$A208) -> 0 | R208: =SUMIFS(METALFISA!$E:$E,METALFISA!$A:$A,'Faltantes Fevereiro- Metalfisa'!R$3,METALFISA!$B:$B,'Faltantes Fevereiro- Metalfisa'!$A208) -> 0 | S208: =SUMIFS(METALFISA!$E:$E,METALFISA!$A:$A,'Faltantes Fevereiro- Metalfisa'!S$3,METALFISA!$B:$B,'Faltantes Fevereiro- Metalfisa'!$A208) -> 0 | T208: =SUMIFS(METALFISA!$E:$E,METALFISA!$A:$A,'Faltantes Fevereiro- Metalfisa'!T$3,METALFISA!$B:$B,'Faltantes Fevereiro- Metalfisa'!$A208) -> 0 | ... AP208: =SUMIFS(METALFISA!$E:$E,METALFISA!$A:$A,'Faltantes Fevereiro- Metalfisa'!AP$3,METALFISA!$B:$B,'Faltantes Fevereiro- Metalfisa'!$A208) -> 0 | AR208: =SUMIFS(METALFISA!$E:$E,METALFISA!$A:$A,'Faltantes Fevereiro- Metalfisa'!AR$3,METALFISA!$B:$B,'Faltantes Fevereiro- Metalfisa'!$A208) -> 0 | AS208: =SUMIFS(METALFISA!$E:$E,METALFISA!$A:$A,'Faltantes Fevereiro- Metalfisa'!AS$3,METALFISA!$B:$B,'Faltantes Fevereiro- Metalfisa'!$A208) -> 0 | AU208: 0 | AV208: 0 | AW208: 0 | AX208: 0 | AY208: 0 | AZ208: 0 | BA208: 0 | BB208: 0 | BC208: 0 | BD208: 0 | BE208: 0 | BF208: 0 | BG208: 0 | BH208: 0 | BI208: 0 | BJ208: 0 | BK208: 0 | BL208: 0 | BM208: 0 | BN208: 1 | BO208: 1 | BP208: 0 | BQ208: 0 | BR208: 0 | BS208: 0 | BT208: 0 | BU208: 0 | BV208: 0 | BW208: 0 | BX208: 0 | BY208: 0 | BZ208: 0 | CA208: 0 | CB208: 0 | CC208: 0 | CD208: 0 | CE208: 0 | CF208: 0 | CG208: 0 | CH208: 0 | CI208: 0 | CJ208: 0 | CK208: 0 | CL208: 0
A209: 33.11.10135.03 | B209: BASE MODULO DV / 33.11.10135.03 | C209: 0 | D209: 0 | E209: 0 | F209: 0 | G209: 6 | H209: =IFERROR(VLOOKUP(A209,[1]FALTANTES!$A:$AB,28,FALSE),"-") -> 0 | I209: =IFERROR(VLOOKUP(A209,[1]FALTANTES!$A:$AC,29,FALSE),"-") -> 2 | J209: =IFERROR(VLOOKUP(A209,[1]FALTANTES!$A:$AD,30,FALSE),"-") -> -4 | K209: 0 | L209: =SUM(M209:AS209) -> 2 | M209: =SUMIFS(METALFISA!$E:$E,METALFISA!$A:$A,'Faltantes Fevereiro- Metalfisa'!M$3,METALFISA!$B:$B,'Faltantes Fevereiro- Metalfisa'!$A209) -> 0 | N209: =SUMIFS(METALFISA!$E:$E,METALFISA!$A:$A,'Faltantes Fevereiro- Metalfisa'!N$3,METALFISA!$B:$B,'Faltantes Fevereiro- Metalfisa'!$A209) -> 0 | O209: =SUMIFS(METALFISA!$E:$E,METALFISA!$A:$A,'Faltantes Fevereiro- Metalfisa'!O$3,METALFISA!$B:$B,'Faltantes Fevereiro- Metalfisa'!$A209) -> 0 | P209: =SUMIFS(METALFISA!$E:$E,METALFISA!$A:$A,'Faltantes Fevereiro- Metalfisa'!P$3,METALFISA!$B:$B,'Faltantes Fevereiro- Metalfisa'!$A209) -> 0 | Q209: =SUMIFS(METALFISA!$E:$E,METALFISA!$A:$A,'Faltantes Fevereiro- Metalfisa'!Q$3,METALFISA!$B:$B,'Faltantes Fevereiro- Metalfisa'!$A209) -> 0 | R209: =SUMIFS(METALFISA!$E:$E,METALFISA!$A:$A,'Faltantes Fevereiro- Metalfisa'!R$3,METALFISA!$B:$B,'Faltantes Fevereiro- Metalfisa'!$A209) -> 0 | S209: =SUMIFS(METALFISA!$E:$E,METALFISA!$A:$A,'Faltantes Fevereiro- Metalfisa'!S$3,METALFISA!$B:$B,'Faltantes Fevereiro- Metalfisa'!$A209) -> 0 | T209: =SUMIFS(METALFISA!$E:$E,METALFISA!$A:$A,'Faltantes Fevereiro- Metalfisa'!T$3,METALFISA!$B:$B,'Faltantes Fevereiro- Metalfisa'!$A209) -> 0 | ... AP209: =SUMIFS(METALFISA!$E:$E,METALFISA!$A:$A,'Faltantes Fevereiro- Metalfisa'!AP$3,METALFISA!$B:$B,'Faltantes Fevereiro- Metalfisa'!$A209) -> 0 | AR209: =SUMIFS(METALFISA!$E:$E,METALFISA!$A:$A,'Faltantes Fevereiro- Metalfisa'!AR$3,METALFISA!$B:$B,'Faltantes Fevereiro- Metalfisa'!$A209) -> 0 | AS209: =SUMIFS(METALFISA!$E:$E,METALFISA!$A:$A,'Faltantes Fevereiro- Metalfisa'!AS$3,METALFISA!$B:$B,'Faltantes Fevereiro- Metalfisa'!$A209) -> 0 | AU209: 0 | AV209: 0 | AW209: 0 | AX209: 0 | AY209: 0 | AZ209: 0 | BA209: 0 | BB209: 0 | BC209: 0 | BD209: 0 | BE209: 0 | BF209: 0 | BG209: 0 | BH209: 0 | BI209: 0 | BJ209: 0 | BK209: 0 | BL209: 0 | BM209: 0 | BN209: 0 | BO209: 1 | BP209: 0 | BQ209: 0 | BR209: 0 | BS209: 0 | BT209: 0 | BU209: 0 | BV209: 0 | BW209: 0 | BX209: 0 | BY209: 0 | BZ209: 0 | CA209: 0 | CB209: 0 | CC209: 0 | CD209: 0 | CE209: 0 | CF209: 0 | CG209: 0 | CH209: 0 | CI209: 0 | CJ209: 0 | CK209: 0 | CL209: 0
A210: 33.11.10139.01 | B210: TRAVA DAS COLUNAS / 33.11.10139.01 | C210: 0 | D210: 0 | E210: 0 | F210: 0 | G210: 6 | H210: =IFERROR(VLOOKUP(A210,[1]FALTANTES!$A:$AB,28,FALSE),"-") -> 0 | I210: =IFERROR(VLOOKUP(A210,[1]FALTANTES!$A:$AC,29,FALSE),"-") -> 2 | J210: =IFERROR(VLOOKUP(A210,[1]FALTANTES!$A:$AD,30,FALSE),"-") -> -4 | K210: 0 | L210: =SUM(M210:AS210) -> 2 | M210: =SUMIFS(METALFISA!$E:$E,METALFISA!$A:$A,'Faltantes Fevereiro- Metalfisa'!M$3,METALFISA!$B:$B,'Faltantes Fevereiro- Metalfisa'!$A210) -> 0 | N210: =SUMIFS(METALFISA!$E:$E,METALFISA!$A:$A,'Faltantes Fevereiro- Metalfisa'!N$3,METALFISA!$B:$B,'Faltantes Fevereiro- Metalfisa'!$A210) -> 0 | O210: =SUMIFS(METALFISA!$E:$E,METALFISA!$A:$A,'Faltantes Fevereiro- Metalfisa'!O$3,METALFISA!$B:$B,'Faltantes Fevereiro- Metalfisa'!$A210) -> 0 | P210: =SUMIFS(METALFISA!$E:$E,METALFISA!$A:$A,'Faltantes Fevereiro- Metalfisa'!P$3,METALFISA!$B:$B,'Faltantes Fevereiro- Metalfisa'!$A210) -> 0 | Q210: =SUMIFS(METALFISA!$E:$E,METALFISA!$A:$A,'Faltantes Fevereiro- Metalfisa'!Q$3,METALFISA!$B:$B,'Faltantes Fevereiro- Metalfisa'!$A210) -> 0 | R210: =SUMIFS(METALFISA!$E:$E,METALFISA!$A:$A,'Faltantes Fevereiro- Metalfisa'!R$3,METALFISA!$B:$B,'Faltantes Fevereiro- Metalfisa'!$A210) -> 0 | S210: =SUMIFS(METALFISA!$E:$E,METALFISA!$A:$A,'Faltantes Fevereiro- Metalfisa'!S$3,METALFISA!$B:$B,'Faltantes Fevereiro- Metalfisa'!$A210) -> 0 | T210: =SUMIFS(METALFISA!$E:$E,METALFISA!$A:$A,'Faltantes Fevereiro- Metalfisa'!T$3,METALFISA!$B:$B,'Faltantes Fevereiro- Metalfisa'!$A210) -> 0 | ... AP210: =SUMIFS(METALFISA!$E:$E,METALFISA!$A:$A,'Faltantes Fevereiro- Metalfisa'!AP$3,METALFISA!$B:$B,'Faltantes Fevereiro- Metalfisa'!$A210) -> 0 | AR210: =SUMIFS(METALFISA!$E:$E,METALFISA!$A:$A,'Faltantes Fevereiro- Metalfisa'!AR$3,METALFISA!$B:$B,'Faltantes Fevereiro- Metalfisa'!$A210) -> 0 | AS210: =SUMIFS(METALFISA!$E:$E,METALFISA!$A:$A,'Faltantes Fevereiro- Metalfisa'!AS$3,METALFISA!$B:$B,'Faltantes Fevereiro- Metalfisa'!$A210) -> 0 | AU210: 0 | AV210: 0 | AW210: 0 | AX210: 0 | AY210: 0 | AZ210: 0 | BA210: 0 | BB210: 0 | BC210: 0 | BD210: 0 | BE210: 0 | BF210: 0 | BG210: 0 | BH210: 0 | BI210: 0 | BJ210: 0 | BK210: 0 | BL210: 0 | BM210: 0 | BN210: 0 | BO210: 1 | BP210: 0 | BQ210: 0 | BR210: 0 | BS210: 0 | BT210: 0 | BU210: 0 | BV210: 0 | BW210: 0 | BX210: 0 | BY210: 0 | BZ210: 0 | CA210: 0 | CB210: 0 | CC210: 0 | CD210: 0 | CE210: 0 | CF210: 0 | CG210: 0 | CH210: 0 | CI210: 0 | CJ210: 0 | CK210: 0 | CL210: 0
A211: 33.11.10149.01 | B211: COLUNA / 33.11.10149.01 | C211: 0 | D211: 0 | E211: 0 | F211: 0 | G211: 6 | H211: =IFERROR(VLOOKUP(A211,[1]FALTANTES!$A:$AB,28,FALSE),"-") -> 0 | I211: =IFERROR(VLOOKUP(A211,[1]FALTANTES!$A:$AC,29,FALSE),"-") -> 2 | J211: =IFERROR(VLOOKUP(A211,[1]FALTANTES!$A:$AD,30,FALSE),"-") -> -4 | K211: 0 | L211: =SUM(M211:AS211) -> 1 | M211: =SUMIFS(METALFISA!$E:$E,METALFISA!$A:$A,'Faltantes Fevereiro- Metalfisa'!M$3,METALFISA!$B:$B,'Faltantes Fevereiro- Metalfisa'!$A211) -> 0 | N211: =SUMIFS(METALFISA!$E:$E,METALFISA!$A:$A,'Faltantes Fevereiro- Metalfisa'!N$3,METALFISA!$B:$B,'Faltantes Fevereiro- Metalfisa'!$A211) -> 0 | O211: =SUMIFS(METALFISA!$E:$E,METALFISA!$A:$A,'Faltantes Fevereiro- Metalfisa'!O$3,METALFISA!$B:$B,'Faltantes Fevereiro- Metalfisa'!$A211) -> 0 | P211: =SUMIFS(METALFISA!$E:$E,METALFISA!$A:$A,'Faltantes Fevereiro- Metalfisa'!P$3,METALFISA!$B:$B,'Faltantes Fevereiro- Metalfisa'!$A211) -> 0 | Q211: =SUMIFS(METALFISA!$E:$E,METALFISA!$A:$A,'Faltantes Fevereiro- Metalfisa'!Q$3,METALFISA!$B:$B,'Faltantes Fevereiro- Metalfisa'!$A211) -> 0 | R211: =SUMIFS(METALFISA!$E:$E,METALFISA!$A:$A,'Faltantes Fevereiro- Metalfisa'!R$3,METALFISA!$B:$B,'Faltantes Fevereiro- Metalfisa'!$A211) -> 0 | S211: =SUMIFS(METALFISA!$E:$E,METALFISA!$A:$A,'Faltantes Fevereiro- Metalfisa'!S$3,METALFISA!$B:$B,'Faltantes Fevereiro- Metalfisa'!$A211) -> 0 | T211: =SUMIFS(METALFISA!$E:$E,METALFISA!$A:$A,'Faltantes Fevereiro- Metalfisa'!T$3,METALFISA!$B:$B,'Faltantes Fevereiro- Metalfisa'!$A211) -> 0 | ... AP211: =SUMIFS(METALFISA!$E:$E,METALFISA!$A:$A,'Faltantes Fevereiro- Metalfisa'!AP$3,METALFISA!$B:$B,'Faltantes Fevereiro- Metalfisa'!$A211) -> 0 | AR211: =SUMIFS(METALFISA!$E:$E,METALFISA!$A:$A,'Faltantes Fevereiro- Metalfisa'!AR$3,METALFISA!$B:$B,'Faltantes Fevereiro- Metalfisa'!$A211) -> 0 | AS211: =SUMIFS(METALFISA!$E:$E,METALFISA!$A:$A,'Faltantes Fevereiro- Metalfisa'!AS$3,METALFISA!$B:$B,'Faltantes Fevereiro- Metalfisa'!$A211) -> 0 | AU211: 0 | AV211: 0 | AW211: 0 | AX211: 0 | AY211: 0 | AZ211: 0 | BA211: 0 | BB211: 0 | BC211: 0 | BD211: 0 | BE211: 0 | BF211: 0 | BG211: 0 | BH211: 0 | BI211: 0 | BJ211: 0 | BK211: 0 | BL211: 0 | BM211: 0 | BN211: 0 | BO211: 1 | BP211: 0 | BQ211: 0 | BR211: 0 | BS211: 0 | BT211: 0 | BU211: 0 | BV211: 0 | BW211: 0 | BX211: 0 | BY211: 0 | BZ211: 0 | CA211: 0 | CB211: 0 | CC211: 0 | CD211: 0 | CE211: 0 | CF211: 0 | CG211: 0 | CH211: 0 | CI211: 0 | CJ211: 0 | CK211: 0 | CL211: 0
A212: 33.11.10150.00 | B212: COLUNA / 33.11.10150.00 | C212: 0 | D212: 0 | E212: 0 | F212: 0 | G212: 6 | H212: =IFERROR(VLOOKUP(A212,[1]FALTANTES!$A:$AB,28,FALSE),"-") -> 0 | I212: =IFERROR(VLOOKUP(A212,[1]FALTANTES!$A:$AC,29,FALSE),"-") -> 2 | J212: =IFERROR(VLOOKUP(A212,[1]FALTANTES!$A:$AD,30,FALSE),"-") -> -4 | K212: 0 | L212: =SUM(M212:AS212) -> 1 | M212: =SUMIFS(METALFISA!$E:$E,METALFISA!$A:$A,'Faltantes Fevereiro- Metalfisa'!M$3,METALFISA!$B:$B,'Faltantes Fevereiro- Metalfisa'!$A212) -> 0 | N212: =SUMIFS(METALFISA!$E:$E,METALFISA!$A:$A,'Faltantes Fevereiro- Metalfisa'!N$3,METALFISA!$B:$B,'Faltantes Fevereiro- Metalfisa'!$A212) -> 0 | O212: =SUMIFS(METALFISA!$E:$E,METALFISA!$A:$A,'Faltantes Fevereiro- Metalfisa'!O$3,METALFISA!$B:$B,'Faltantes Fevereiro- Metalfisa'!$A212) -> 0 | P212: =SUMIFS(METALFISA!$E:$E,METALFISA!$A:$A,'Faltantes Fevereiro- Metalfisa'!P$3,METALFISA!$B:$B,'Faltantes Fevereiro- Metalfisa'!$A212) -> 0 | Q212: =SUMIFS(METALFISA!$E:$E,METALFISA!$A:$A,'Faltantes Fevereiro- Metalfisa'!Q$3,METALFISA!$B:$B,'Faltantes Fevereiro- Metalfisa'!$A212) -> 0 | R212: =SUMIFS(METALFISA!$E:$E,METALFISA!$A:$A,'Faltantes Fevereiro- Metalfisa'!R$3,METALFISA!$B:$B,'Faltantes Fevereiro- Metalfisa'!$A212) -> 0 | S212: =SUMIFS(METALFISA!$E:$E,METALFISA!$A:$A,'Faltantes Fevereiro- Metalfisa'!S$3,METALFISA!$B:$B,'Faltantes Fevereiro- Metalfisa'!$A212) -> 0 | T212: =SUMIFS(METALFISA!$E:$E,METALFISA!$A:$A,'Faltantes Fevereiro- Metalfisa'!T$3,METALFISA!$B:$B,'Faltantes Fevereiro- Metalfisa'!$A212) -> 0 | ... AP212: =SUMIFS(METALFISA!$E:$E,METALFISA!$A:$A,'Faltantes Fevereiro- Metalfisa'!AP$3,METALFISA!$B:$B,'Faltantes Fevereiro- Metalfisa'!$A212) -> 0 | AR212: =SUMIFS(METALFISA!$E:$E,METALFISA!$A:$A,'Faltantes Fevereiro- Metalfisa'!AR$3,METALFISA!$B:$B,'Faltantes Fevereiro- Metalfisa'!$A212) -> 0 | AS212: =SUMIFS(METALFISA!$E:$E,METALFISA!$A:$A,'Faltantes Fevereiro- Metalfisa'!AS$3,METALFISA!$B:$B,'Faltantes Fevereiro- Metalfisa'!$A212) -> 0 | AU212: 0 | AV212: 0 | AW212: 0 | AX212: 0 | AY212: 0 | AZ212: 0 | BA212: 0 | BB212: 0 | BC212: 0 | BD212: 0 | BE212: 0 | BF212: 0 | BG212: 0 | BH212: 0 | BI212: 0 | BJ212: 0 | BK212: 0 | BL212: 0 | BM212: 0 | BN212: 0 | BO212: 1 | BP212: 0 | BQ212: 0 | BR212: 0 | BS212: 0 | BT212: 0 | BU212: 0 | BV212: 0 | BW212: 0 | BX212: 0 | BY212: 0 | BZ212: 0 | CA212: 0 | CB212: 0 | CC212: 0 | CD212: 0 | CE212: 0 | CF212: 0 | CG212: 0 | CH212: 0 | CI212: 0 | CJ212: 0 | CK212: 0 | CL212: 0
